model_family,dataset,baseline_run_id,baseline_accuracy,baseline_format_failure_rate,relation,pool,k,status,run_id,accuracy,format_failure_rate,delta_vs_single_turn_k0,result_json_path
qwen25,gpqa,run-20260317T072913Z-673904be,0.203125,0.22321428571428573,baseline,,0,complete,run-20260317T072913Z-673904be,0.203125,0.22321428571428573,0.0,results/runs/qwen25_1p5b_gpqa_single_turn_pool_thinking_False__673904be7dbf5a40/run-20260317T072913Z-673904be.json
qwen25,gpqa,run-20260317T072913Z-673904be,0.203125,0.22321428571428573,same_domain,correct,2,complete,run-20260318T143753Z-6778d9f3,0.2857142857142857,0.0,0.0825892857142857,results/runs/qwen25_1p5b_gpqa_stored_same_domain_correct_thinking_off_k2__6778d9f31615f07a/run-20260318T143753Z-6778d9f3.json
qwen25,gpqa,run-20260317T072913Z-673904be,0.203125,0.22321428571428573,same_domain,correct,4,complete,run-20260318T143759Z-3095f5a6,0.29017857142857145,0.0,0.08705357142857145,results/runs/qwen25_1p5b_gpqa_stored_same_domain_correct_thinking_off_k4__3095f5a6044fc4ca/run-20260318T143759Z-3095f5a6.json
qwen25,gpqa,run-20260317T072913Z-673904be,0.203125,0.22321428571428573,same_domain,correct,8,complete,run-20260318T143850Z-ee94d5be,0.2700892857142857,0.0,0.0669642857142857,results/runs/qwen25_1p5b_gpqa_stored_same_domain_correct_thinking_off_k8__ee94d5be5555b834/run-20260318T143850Z-ee94d5be.json
qwen25,gpqa,run-20260317T072913Z-673904be,0.203125,0.22321428571428573,same_domain,correct,16,complete,run-20260318T143847Z-c773e76a,0.27232142857142855,0.0,0.06919642857142855,results/runs/qwen25_1p5b_gpqa_stored_same_domain_correct_thinking_off_k16__c773e76abd4c2ec4/run-20260318T143847Z-c773e76a.json
qwen25,gpqa,run-20260317T072913Z-673904be,0.203125,0.22321428571428573,same_domain,incorrect,2,complete,run-20260318T143826Z-4d33b52a,0.29910714285714285,0.0,0.09598214285714285,results/runs/qwen25_1p5b_gpqa_stored_same_domain_incorrect_thinking_off_k2__4d33b52a7cc5dedc/run-20260318T143826Z-4d33b52a.json
qwen25,gpqa,run-20260317T072913Z-673904be,0.203125,0.22321428571428573,same_domain,incorrect,4,complete,run-20260318T143918Z-62bad28e,0.3080357142857143,0.0,0.1049107142857143,results/runs/qwen25_1p5b_gpqa_stored_same_domain_incorrect_thinking_off_k4__62bad28ef66c5b89/run-20260318T143918Z-62bad28e.json
qwen25,gpqa,run-20260317T072913Z-673904be,0.203125,0.22321428571428573,same_domain,incorrect,8,complete,run-20260318T144015Z-6660aa7f,0.28348214285714285,0.0,0.08035714285714285,results/runs/qwen25_1p5b_gpqa_stored_same_domain_incorrect_thinking_off_k8__6660aa7f3bf7db77/run-20260318T144015Z-6660aa7f.json
qwen25,gpqa,run-20260317T072913Z-673904be,0.203125,0.22321428571428573,same_domain,incorrect,16,complete,run-20260318T143929Z-a5a8a08f,0.2924107142857143,0.0,0.0892857142857143,results/runs/qwen25_1p5b_gpqa_stored_same_domain_incorrect_thinking_off_k16__a5a8a08f35adc180/run-20260318T143929Z-a5a8a08f.json
qwen25,gpqa,run-20260317T072913Z-673904be,0.203125,0.22321428571428573,same_domain_other_dataset,correct,2,complete,run-20260318T144027Z-3e3370db,0.265625,0.0,0.0625,results/runs/qwen25_1p5b_gpqa_stored_same_domain_other_dataset_correct_thinking_off_k2__3e3370dbb1d36d2c/run-20260318T144027Z-3e3370db.json
qwen25,gpqa,run-20260317T072913Z-673904be,0.203125,0.22321428571428573,same_domain_other_dataset,correct,4,complete,run-20260318T144049Z-dd29f60f,0.265625,0.0,0.0625,results/runs/qwen25_1p5b_gpqa_stored_same_domain_other_dataset_correct_thinking_off_k4__dd29f60fd883d148/run-20260318T144049Z-dd29f60f.json
qwen25,gpqa,run-20260317T072913Z-673904be,0.203125,0.22321428571428573,same_domain_other_dataset,correct,8,complete,run-20260318T144056Z-4ab5816b,0.27901785714285715,0.0,0.07589285714285715,results/runs/qwen25_1p5b_gpqa_stored_same_domain_other_dataset_correct_thinking_off_k8__4ab5816baf404d05/run-20260318T144056Z-4ab5816b.json
qwen25,gpqa,run-20260317T072913Z-673904be,0.203125,0.22321428571428573,same_domain_other_dataset,correct,16,complete,run-20260318T144011Z-25365350,0.29464285714285715,0.0,0.09151785714285715,results/runs/qwen25_1p5b_gpqa_stored_same_domain_other_dataset_correct_thinking_off_k16__25365350d4bf41ec/run-20260318T144011Z-25365350.json
qwen25,gpqa,run-20260317T072913Z-673904be,0.203125,0.22321428571428573,same_domain_other_dataset,incorrect,2,complete,run-20260318T144121Z-a0644b8a,0.27901785714285715,0.0,0.07589285714285715,results/runs/qwen25_1p5b_gpqa_stored_same_domain_other_dataset_incorrect_thinking_off_k2__a0644b8a32f0efaf/run-20260318T144121Z-a0644b8a.json
qwen25,gpqa,run-20260317T072913Z-673904be,0.203125,0.22321428571428573,same_domain_other_dataset,incorrect,4,complete,run-20260318T144137Z-46382663,0.2767857142857143,0.0,0.0736607142857143,results/runs/qwen25_1p5b_gpqa_stored_same_domain_other_dataset_incorrect_thinking_off_k4__46382663b152cf51/run-20260318T144137Z-46382663.json
qwen25,gpqa,run-20260317T072913Z-673904be,0.203125,0.22321428571428573,same_domain_other_dataset,incorrect,8,complete,run-20260318T144143Z-e035897f,0.2700892857142857,0.0,0.0669642857142857,results/runs/qwen25_1p5b_gpqa_stored_same_domain_other_dataset_incorrect_thinking_off_k8__e035897f0590c378/run-20260318T144143Z-e035897f.json
qwen25,gpqa,run-20260317T072913Z-673904be,0.203125,0.22321428571428573,same_domain_other_dataset,incorrect,16,complete,run-20260318T144105Z-43fda9b2,0.26339285714285715,0.0,0.06026785714285715,results/runs/qwen25_1p5b_gpqa_stored_same_domain_other_dataset_incorrect_thinking_off_k16__43fda9b2a9e2933b/run-20260318T144105Z-43fda9b2.json
qwen25,gpqa,run-20260317T072913Z-673904be,0.203125,0.22321428571428573,cross_domain,correct,2,complete,run-20260318T143624Z-509f7cec,0.28348214285714285,0.002232142857142857,0.08035714285714285,results/runs/qwen25_1p5b_gpqa_stored_cross_domain_correct_thinking_off_k2__509f7cec188bc685/run-20260318T143624Z-509f7cec.json
qwen25,gpqa,run-20260317T072913Z-673904be,0.203125,0.22321428571428573,cross_domain,correct,4,complete,run-20260318T143623Z-5b0b1ec1,0.26339285714285715,0.011160714285714286,0.06026785714285715,results/runs/qwen25_1p5b_gpqa_stored_cross_domain_correct_thinking_off_k4__5b0b1ec120c5aeaf/run-20260318T143623Z-5b0b1ec1.json
qwen25,gpqa,run-20260317T072913Z-673904be,0.203125,0.22321428571428573,cross_domain,correct,8,complete,run-20260318T143628Z-3aa54d63,0.28125,0.011160714285714286,0.078125,results/runs/qwen25_1p5b_gpqa_stored_cross_domain_correct_thinking_off_k8__3aa54d6343aab826/run-20260318T143628Z-3aa54d63.json
qwen25,gpqa,run-20260317T072913Z-673904be,0.203125,0.22321428571428573,cross_domain,correct,16,complete,run-20260318T143607Z-04ec5e54,0.25,0.008928571428571428,0.046875,results/runs/qwen25_1p5b_gpqa_stored_cross_domain_correct_thinking_off_k16__04ec5e54bb976493/run-20260318T143607Z-04ec5e54.json
qwen25,gpqa,run-20260317T072913Z-673904be,0.203125,0.22321428571428573,cross_domain,incorrect,2,complete,run-20260318T143651Z-26ef0b5e,0.26785714285714285,0.004464285714285714,0.06473214285714285,results/runs/qwen25_1p5b_gpqa_stored_cross_domain_incorrect_thinking_off_k2__26ef0b5e9a4451a9/run-20260318T143651Z-26ef0b5e.json
qwen25,gpqa,run-20260317T072913Z-673904be,0.203125,0.22321428571428573,cross_domain,incorrect,4,complete,run-20260318T143700Z-0f47116e,0.25,0.006696428571428571,0.046875,results/runs/qwen25_1p5b_gpqa_stored_cross_domain_incorrect_thinking_off_k4__0f47116e89617706/run-20260318T143700Z-0f47116e.json
qwen25,gpqa,run-20260317T072913Z-673904be,0.203125,0.22321428571428573,cross_domain,incorrect,8,complete,run-20260318T143729Z-ccdca56d,0.2700892857142857,0.002232142857142857,0.0669642857142857,results/runs/qwen25_1p5b_gpqa_stored_cross_domain_incorrect_thinking_off_k8__ccdca56ddcd64aec/run-20260318T143729Z-ccdca56d.json
qwen25,gpqa,run-20260317T072913Z-673904be,0.203125,0.22321428571428573,cross_domain,incorrect,16,complete,run-20260318T143711Z-76c4efad,0.24776785714285715,0.013392857142857142,0.04464285714285715,results/runs/qwen25_1p5b_gpqa_stored_cross_domain_incorrect_thinking_off_k16__76c4efad72a36831/run-20260318T143711Z-76c4efad.json
qwen25,gsm8k,run-20260317T075659Z-c4421795,0.5299469294920395,0.052312357846853674,baseline,,0,complete,run-20260317T075659Z-c4421795,0.5299469294920395,0.052312357846853674,0.0,results/runs/qwen25_1p5b_gsm8k_single_turn_pool_thinking_False__c4421795550ca28a/run-20260317T075659Z-c4421795.json
qwen25,gsm8k,run-20260317T075659Z-c4421795,0.5299469294920395,0.052312357846853674,same_domain,correct,2,complete,run-20260318T144631Z-3b2f10ed,0.09476876421531463,0.0,-0.4351781652767248,results/runs/qwen25_1p5b_gsm8k_stored_same_domain_correct_thinking_off_k2__3b2f10ed10adbef7/run-20260318T144631Z-3b2f10ed.json
qwen25,gsm8k,run-20260317T075659Z-c4421795,0.5299469294920395,0.052312357846853674,same_domain,correct,4,complete,run-20260318T144708Z-c9df2212,0.09021986353297953,0.0,-0.43972706595905997,results/runs/qwen25_1p5b_gsm8k_stored_same_domain_correct_thinking_off_k4__c9df221237b60640/run-20260318T144708Z-c9df2212.json
qwen25,gsm8k,run-20260317T075659Z-c4421795,0.5299469294920395,0.052312357846853674,same_domain,correct,8,complete,run-20260318T144723Z-4485c9f4,0.0932524639878696,0.0,-0.4366944655041699,results/runs/qwen25_1p5b_gsm8k_stored_same_domain_correct_thinking_off_k8__4485c9f47a6b8ae5/run-20260318T144723Z-4485c9f4.json
qwen25,gsm8k,run-20260317T075659Z-c4421795,0.5299469294920395,0.052312357846853674,same_domain,correct,16,complete,run-20260318T144724Z-7463c5c7,0.10159211523881728,0.0,-0.4283548142532222,results/runs/qwen25_1p5b_gsm8k_stored_same_domain_correct_thinking_off_k16__7463c5c793e21346/run-20260318T144724Z-7463c5c7.json
qwen25,gsm8k,run-20260317T075659Z-c4421795,0.5299469294920395,0.052312357846853674,same_domain,incorrect,2,complete,run-20260318T144840Z-8aa47ae2,0.10614101592115238,0.0,-0.4238059135708871,results/runs/qwen25_1p5b_gsm8k_stored_same_domain_incorrect_thinking_off_k2__8aa47ae275fadeec/run-20260318T144840Z-8aa47ae2.json
qwen25,gsm8k,run-20260317T075659Z-c4421795,0.5299469294920395,0.052312357846853674,same_domain,incorrect,4,complete,run-20260318T144914Z-6797af42,0.09628506444275967,0.0,-0.43366186504927984,results/runs/qwen25_1p5b_gsm8k_stored_same_domain_incorrect_thinking_off_k4__6797af423470815f/run-20260318T144914Z-6797af42.json
qwen25,gsm8k,run-20260317T075659Z-c4421795,0.5299469294920395,0.052312357846853674,same_domain,incorrect,8,complete,run-20260318T144934Z-ce976d1b,0.08946171341925702,0.0,-0.44048521607278246,results/runs/qwen25_1p5b_gsm8k_stored_same_domain_incorrect_thinking_off_k8__ce976d1bc06c0509/run-20260318T144934Z-ce976d1b.json
qwen25,gsm8k,run-20260317T075659Z-c4421795,0.5299469294920395,0.052312357846853674,same_domain,incorrect,16,complete,run-20260318T144916Z-68fb6eb5,0.09855951478392722,0.0,-0.43138741470811226,results/runs/qwen25_1p5b_gsm8k_stored_same_domain_incorrect_thinking_off_k16__68fb6eb5a52e68f5/run-20260318T144916Z-68fb6eb5.json
qwen25,gsm8k,run-20260317T075659Z-c4421795,0.5299469294920395,0.052312357846853674,same_domain_other_dataset,correct,2,missing,,,,,
qwen25,gsm8k,run-20260317T075659Z-c4421795,0.5299469294920395,0.052312357846853674,same_domain_other_dataset,correct,4,missing,,,,,
qwen25,gsm8k,run-20260317T075659Z-c4421795,0.5299469294920395,0.052312357846853674,same_domain_other_dataset,correct,8,missing,,,,,
qwen25,gsm8k,run-20260317T075659Z-c4421795,0.5299469294920395,0.052312357846853674,same_domain_other_dataset,correct,16,missing,,,,,
qwen25,gsm8k,run-20260317T075659Z-c4421795,0.5299469294920395,0.052312357846853674,same_domain_other_dataset,incorrect,2,complete,run-20260318T145009Z-d4f9cac4,0.07657316148597422,0.0,-0.45337376800606527,results/runs/qwen25_1p5b_gsm8k_stored_same_domain_other_dataset_incorrect_thinking_off_k2__d4f9cac46ee7844c/run-20260318T145009Z-d4f9cac4.json
qwen25,gsm8k,run-20260317T075659Z-c4421795,0.5299469294920395,0.052312357846853674,same_domain_other_dataset,incorrect,4,complete,run-20260318T145047Z-2e7ed606,0.08718726307808947,0.0,-0.44275966641395004,results/runs/qwen25_1p5b_gsm8k_stored_same_domain_other_dataset_incorrect_thinking_off_k4__2e7ed6068883d13c/run-20260318T145047Z-2e7ed606.json
qwen25,gsm8k,run-20260317T075659Z-c4421795,0.5299469294920395,0.052312357846853674,same_domain_other_dataset,incorrect,8,complete,run-20260318T145155Z-1743f849,0.0887035633055345,0.0,-0.44124336618650495,results/runs/qwen25_1p5b_gsm8k_stored_same_domain_other_dataset_incorrect_thinking_off_k8__1743f849bed52b8f/run-20260318T145155Z-1743f849.json
qwen25,gsm8k,run-20260317T075659Z-c4421795,0.5299469294920395,0.052312357846853674,same_domain_other_dataset,incorrect,16,complete,run-20260318T145133Z-74effc82,0.07960576194086429,0.0,-0.4503411675511752,results/runs/qwen25_1p5b_gsm8k_stored_same_domain_other_dataset_incorrect_thinking_off_k16__74effc82dbc56edc/run-20260318T145133Z-74effc82.json
qwen25,gsm8k,run-20260317T075659Z-c4421795,0.5299469294920395,0.052312357846853674,cross_domain,correct,2,complete,run-20260318T144317Z-c26eca9e,0.10614101592115238,0.0,-0.4238059135708871,results/runs/qwen25_1p5b_gsm8k_stored_cross_domain_correct_thinking_off_k2__c26eca9e232495db/run-20260318T144317Z-c26eca9e.json
qwen25,gsm8k,run-20260317T075659Z-c4421795,0.5299469294920395,0.052312357846853674,cross_domain,correct,4,complete,run-20260318T144400Z-4d02573b,0.09628506444275967,0.0,-0.43366186504927984,results/runs/qwen25_1p5b_gsm8k_stored_cross_domain_correct_thinking_off_k4__4d02573bae40a2ea/run-20260318T144400Z-4d02573b.json
qwen25,gsm8k,run-20260317T075659Z-c4421795,0.5299469294920395,0.052312357846853674,cross_domain,correct,8,complete,run-20260318T144446Z-c865bb6d,0.09855951478392722,0.0,-0.43138741470811226,results/runs/qwen25_1p5b_gsm8k_stored_cross_domain_correct_thinking_off_k8__c865bb6d84047504/run-20260318T144446Z-c865bb6d.json
qwen25,gsm8k,run-20260317T075659Z-c4421795,0.5299469294920395,0.052312357846853674,cross_domain,correct,16,complete,run-20260318T144529Z-b42ba605,0.10841546626231995,0.0,-0.4215314632297195,results/runs/qwen25_1p5b_gsm8k_stored_cross_domain_correct_thinking_off_k16__b42ba605875760bf/run-20260318T144529Z-b42ba605.json
qwen25,gsm8k,run-20260317T075659Z-c4421795,0.5299469294920395,0.052312357846853674,cross_domain,incorrect,2,complete,run-20260318T144407Z-521a9ea5,0.10007581501137225,0.0,-0.4298711144806672,results/runs/qwen25_1p5b_gsm8k_stored_cross_domain_incorrect_thinking_off_k2__521a9ea564b59866/run-20260318T144407Z-521a9ea5.json
qwen25,gsm8k,run-20260317T075659Z-c4421795,0.5299469294920395,0.052312357846853674,cross_domain,incorrect,4,complete,run-20260318T144431Z-ef1a3408,0.09476876421531463,0.0,-0.4351781652767248,results/runs/qwen25_1p5b_gsm8k_stored_cross_domain_incorrect_thinking_off_k4__ef1a3408231fa551/run-20260318T144431Z-ef1a3408.json
qwen25,gsm8k,run-20260317T075659Z-c4421795,0.5299469294920395,0.052312357846853674,cross_domain,incorrect,8,complete,run-20260318T144658Z-0cd390bf,0.10614101592115238,0.0,-0.4238059135708871,results/runs/qwen25_1p5b_gsm8k_stored_cross_domain_incorrect_thinking_off_k8__0cd390bf8d3525da/run-20260318T144658Z-0cd390bf.json
qwen25,gsm8k,run-20260317T075659Z-c4421795,0.5299469294920395,0.052312357846853674,cross_domain,incorrect,16,complete,run-20260318T144623Z-f29c9373,0.09931766489764973,0.0,-0.43062926459438977,results/runs/qwen25_1p5b_gsm8k_stored_cross_domain_incorrect_thinking_off_k16__f29c9373af43f300/run-20260318T144623Z-f29c9373.json
qwen25,aime,run-20260317T070536Z-db599493,0.03333333333333333,0.3,baseline,,0,complete,run-20260317T070536Z-db599493,0.03333333333333333,0.3,0.0,results/runs/qwen25_1p5b_aime_single_turn_pool_thinking_False__db599493b87af580/run-20260317T070536Z-db599493.json
qwen25,aime,run-20260317T070536Z-db599493,0.03333333333333333,0.3,same_domain,correct,2,missing,,,,,
qwen25,aime,run-20260317T070536Z-db599493,0.03333333333333333,0.3,same_domain,correct,4,missing,,,,,
qwen25,aime,run-20260317T070536Z-db599493,0.03333333333333333,0.3,same_domain,correct,8,missing,,,,,
qwen25,aime,run-20260317T070536Z-db599493,0.03333333333333333,0.3,same_domain,correct,16,missing,,,,,
qwen25,aime,run-20260317T070536Z-db599493,0.03333333333333333,0.3,same_domain,incorrect,2,complete,run-20260318T143329Z-ae2660ab,0.0,0.03333333333333333,-0.03333333333333333,results/runs/qwen25_1p5b_aime_stored_same_domain_incorrect_thinking_off_k2__ae2660abe3527714/run-20260318T143329Z-ae2660ab.json
qwen25,aime,run-20260317T070536Z-db599493,0.03333333333333333,0.3,same_domain,incorrect,4,complete,run-20260318T143321Z-ec50e346,0.0,0.0,-0.03333333333333333,results/runs/qwen25_1p5b_aime_stored_same_domain_incorrect_thinking_off_k4__ec50e346981aa1d7/run-20260318T143321Z-ec50e346.json
qwen25,aime,run-20260317T070536Z-db599493,0.03333333333333333,0.3,same_domain,incorrect,8,complete,run-20260318T143327Z-c4fc3a59,0.03333333333333333,0.0,0.0,results/runs/qwen25_1p5b_aime_stored_same_domain_incorrect_thinking_off_k8__c4fc3a591bc4d9ba/run-20260318T143327Z-c4fc3a59.json
qwen25,aime,run-20260317T070536Z-db599493,0.03333333333333333,0.3,same_domain,incorrect,16,complete,run-20260318T143321Z-37af51df,0.0,0.0,-0.03333333333333333,results/runs/qwen25_1p5b_aime_stored_same_domain_incorrect_thinking_off_k16__37af51dfb270c815/run-20260318T143321Z-37af51df.json
qwen25,aime,run-20260317T070536Z-db599493,0.03333333333333333,0.3,same_domain_other_dataset,correct,2,complete,run-20260318T143410Z-e0f93b39,0.0,0.16666666666666666,-0.03333333333333333,results/runs/qwen25_1p5b_aime_stored_same_domain_other_dataset_correct_thinking_off_k2__e0f93b3923c94a18/run-20260318T143410Z-e0f93b39.json
qwen25,aime,run-20260317T070536Z-db599493,0.03333333333333333,0.3,same_domain_other_dataset,correct,4,complete,run-20260318T143522Z-e0d12aad,0.03333333333333333,0.26666666666666666,0.0,results/runs/qwen25_1p5b_aime_stored_same_domain_other_dataset_correct_thinking_off_k4__e0d12aadab660d94/run-20260318T143522Z-e0d12aad.json
qwen25,aime,run-20260317T070536Z-db599493,0.03333333333333333,0.3,same_domain_other_dataset,correct,8,complete,run-20260318T143505Z-d4c69201,0.0,0.16666666666666666,-0.03333333333333333,results/runs/qwen25_1p5b_aime_stored_same_domain_other_dataset_correct_thinking_off_k8__d4c692018c86cc19/run-20260318T143505Z-d4c69201.json
qwen25,aime,run-20260317T070536Z-db599493,0.03333333333333333,0.3,same_domain_other_dataset,correct,16,complete,run-20260318T143343Z-a7cb728f,0.0,0.06666666666666667,-0.03333333333333333,results/runs/qwen25_1p5b_aime_stored_same_domain_other_dataset_correct_thinking_off_k16__a7cb728f7cd1e090/run-20260318T143343Z-a7cb728f.json
qwen25,aime,run-20260317T070536Z-db599493,0.03333333333333333,0.3,same_domain_other_dataset,incorrect,2,complete,run-20260318T143513Z-20c6f48e,0.03333333333333333,0.1,0.0,results/runs/qwen25_1p5b_aime_stored_same_domain_other_dataset_incorrect_thinking_off_k2__20c6f48e78f8bfb1/run-20260318T143513Z-20c6f48e.json
qwen25,aime,run-20260317T070536Z-db599493,0.03333333333333333,0.3,same_domain_other_dataset,incorrect,4,complete,run-20260318T143504Z-b78e8ec6,0.0,0.16666666666666666,-0.03333333333333333,results/runs/qwen25_1p5b_aime_stored_same_domain_other_dataset_incorrect_thinking_off_k4__b78e8ec656b9eece/run-20260318T143504Z-b78e8ec6.json
qwen25,aime,run-20260317T070536Z-db599493,0.03333333333333333,0.3,same_domain_other_dataset,incorrect,8,complete,run-20260318T143517Z-23c0b090,0.0,0.1,-0.03333333333333333,results/runs/qwen25_1p5b_aime_stored_same_domain_other_dataset_incorrect_thinking_off_k8__23c0b0901afbdbf3/run-20260318T143517Z-23c0b090.json
qwen25,aime,run-20260317T070536Z-db599493,0.03333333333333333,0.3,same_domain_other_dataset,incorrect,16,complete,run-20260318T143503Z-09174830,0.0,0.13333333333333333,-0.03333333333333333,results/runs/qwen25_1p5b_aime_stored_same_domain_other_dataset_incorrect_thinking_off_k16__09174830156b5019/run-20260318T143503Z-09174830.json
qwen25,aime,run-20260317T070536Z-db599493,0.03333333333333333,0.3,cross_domain,correct,2,complete,run-20260318T143156Z-ae270546,0.03333333333333333,0.13333333333333333,0.0,results/runs/qwen25_1p5b_aime_stored_cross_domain_correct_thinking_off_k2__ae2705466515cd96/run-20260318T143156Z-ae270546.json
qwen25,aime,run-20260317T070536Z-db599493,0.03333333333333333,0.3,cross_domain,correct,4,complete,run-20260318T143156Z-edb079f9,0.0,0.16666666666666666,-0.03333333333333333,results/runs/qwen25_1p5b_aime_stored_cross_domain_correct_thinking_off_k4__edb079f930551101/run-20260318T143156Z-edb079f9.json
qwen25,aime,run-20260317T070536Z-db599493,0.03333333333333333,0.3,cross_domain,correct,8,complete,run-20260318T143159Z-333eabc2,0.0,0.1,-0.03333333333333333,results/runs/qwen25_1p5b_aime_stored_cross_domain_correct_thinking_off_k8__333eabc2cdef6fcf/run-20260318T143159Z-333eabc2.json
qwen25,aime,run-20260317T070536Z-db599493,0.03333333333333333,0.3,cross_domain,correct,16,complete,run-20260318T143158Z-db627d9d,0.06666666666666667,0.03333333333333333,0.03333333333333333,results/runs/qwen25_1p5b_aime_stored_cross_domain_correct_thinking_off_k16__db627d9dea3de648/run-20260318T143158Z-db627d9d.json
qwen25,aime,run-20260317T070536Z-db599493,0.03333333333333333,0.3,cross_domain,incorrect,2,complete,run-20260318T143148Z-436d4d75,0.06666666666666667,0.03333333333333333,0.03333333333333333,results/runs/qwen25_1p5b_aime_stored_cross_domain_incorrect_thinking_off_k2__436d4d75be5144c3/run-20260318T143148Z-436d4d75.json
qwen25,aime,run-20260317T070536Z-db599493,0.03333333333333333,0.3,cross_domain,incorrect,4,complete,run-20260318T143206Z-02bd37a9,0.03333333333333333,0.1,0.0,results/runs/qwen25_1p5b_aime_stored_cross_domain_incorrect_thinking_off_k4__02bd37a957a138ea/run-20260318T143206Z-02bd37a9.json
qwen25,aime,run-20260317T070536Z-db599493,0.03333333333333333,0.3,cross_domain,incorrect,8,complete,run-20260318T143324Z-409a5275,0.0,0.13333333333333333,-0.03333333333333333,results/runs/qwen25_1p5b_aime_stored_cross_domain_incorrect_thinking_off_k8__409a5275a7d3febd/run-20260318T143324Z-409a5275.json
qwen25,aime,run-20260317T070536Z-db599493,0.03333333333333333,0.3,cross_domain,incorrect,16,complete,run-20260318T143202Z-6f9b12a4,0.03333333333333333,0.13333333333333333,0.0,results/runs/qwen25_1p5b_aime_stored_cross_domain_incorrect_thinking_off_k16__6f9b12a4d861993b/run-20260318T143202Z-6f9b12a4.json
qwen25,mmlu,run-20260317T161519Z-73645a5e,0.45826805298390544,0.14428144139011537,baseline,,0,complete,run-20260317T161519Z-73645a5e,0.45826805298390544,0.14428144139011537,0.0,results/runs/qwen25_1p5b_mmlu_single_turn_pool_thinking_False__73645a5ec59f22ee/run-20260317T161519Z-73645a5e.json
qwen25,mmlu,run-20260317T161519Z-73645a5e,0.45826805298390544,0.14428144139011537,same_domain,correct,2,complete,run-20260318T151625Z-ddfed750,0.5841048283720268,0.00021364477994587666,0.12583677538812138,results/runs/qwen25_1p5b_mmlu_stored_same_domain_correct_thinking_off_k2__ddfed7509a036aa6/run-20260318T151625Z-ddfed750.json
qwen25,mmlu,run-20260317T161519Z-73645a5e,0.45826805298390544,0.14428144139011537,same_domain,correct,4,complete,run-20260318T152145Z-101a58bb,0.5903005269904572,0.0001424298532972511,0.13203247400655177,results/runs/qwen25_1p5b_mmlu_stored_same_domain_correct_thinking_off_k4__101a58bb168383ff/run-20260318T152145Z-101a58bb.json
qwen25,mmlu,run-20260317T161519Z-73645a5e,0.45826805298390544,0.14428144139011537,same_domain,correct,8,complete,run-20260318T152650Z-91ffacd4,0.5897308075772681,0.0,0.1314627545933627,results/runs/qwen25_1p5b_mmlu_stored_same_domain_correct_thinking_off_k8__91ffacd42a73bd98/run-20260318T152650Z-91ffacd4.json
qwen25,mmlu,run-20260317T161519Z-73645a5e,0.45826805298390544,0.14428144139011537,same_domain,correct,16,complete,run-20260318T153020Z-481c1c0f,0.5923657598632673,0.0,0.1340977068793619,results/runs/qwen25_1p5b_mmlu_stored_same_domain_correct_thinking_off_k16__481c1c0f7689588a/run-20260318T153020Z-481c1c0f.json
qwen25,mmlu,run-20260317T161519Z-73645a5e,0.45826805298390544,0.14428144139011537,same_domain,incorrect,2,complete,run-20260318T152907Z-70291f32,0.5858139866115938,0.0,0.12754593362768835,results/runs/qwen25_1p5b_mmlu_stored_same_domain_incorrect_thinking_off_k2__70291f32f8f2a0f3/run-20260318T152907Z-70291f32.json
qwen25,mmlu,run-20260317T161519Z-73645a5e,0.45826805298390544,0.14428144139011537,same_domain,incorrect,4,complete,run-20260318T153522Z-804aaa0d,0.5890186583107819,0.0,0.1307506053268765,results/runs/qwen25_1p5b_mmlu_stored_same_domain_incorrect_thinking_off_k4__804aaa0db683fb3a/run-20260318T153522Z-804aaa0d.json
qwen25,mmlu,run-20260317T161519Z-73645a5e,0.45826805298390544,0.14428144139011537,same_domain,incorrect,8,complete,run-20260318T154020Z-c4e168f6,0.5905141717704031,0.0001424298532972511,0.13224611878649767,results/runs/qwen25_1p5b_mmlu_stored_same_domain_incorrect_thinking_off_k8__c4e168f6be480663/run-20260318T154020Z-c4e168f6.json
qwen25,mmlu,run-20260317T161519Z-73645a5e,0.45826805298390544,0.14428144139011537,same_domain,incorrect,16,complete,run-20260318T154218Z-5980ce07,0.5917248255234298,0.0,0.13345677253952432,results/runs/qwen25_1p5b_mmlu_stored_same_domain_incorrect_thinking_off_k16__5980ce07d6d7eeb3/run-20260318T154218Z-5980ce07.json
qwen25,mmlu,run-20260317T161519Z-73645a5e,0.45826805298390544,0.14428144139011537,same_domain_other_dataset,correct,2,missing,,,,,
qwen25,mmlu,run-20260317T161519Z-73645a5e,0.45826805298390544,0.14428144139011537,same_domain_other_dataset,correct,4,missing,,,,,
qwen25,mmlu,run-20260317T161519Z-73645a5e,0.45826805298390544,0.14428144139011537,same_domain_other_dataset,correct,8,missing,,,,,
qwen25,mmlu,run-20260317T161519Z-73645a5e,0.45826805298390544,0.14428144139011537,same_domain_other_dataset,correct,16,missing,,,,,
qwen25,mmlu,run-20260317T161519Z-73645a5e,0.45826805298390544,0.14428144139011537,same_domain_other_dataset,incorrect,2,missing,,,,,
qwen25,mmlu,run-20260317T161519Z-73645a5e,0.45826805298390544,0.14428144139011537,same_domain_other_dataset,incorrect,4,missing,,,,,
qwen25,mmlu,run-20260317T161519Z-73645a5e,0.45826805298390544,0.14428144139011537,same_domain_other_dataset,incorrect,8,missing,,,,,
qwen25,mmlu,run-20260317T161519Z-73645a5e,0.45826805298390544,0.14428144139011537,same_domain_other_dataset,incorrect,16,missing,,,,,
qwen25,mmlu,run-20260317T161519Z-73645a5e,0.45826805298390544,0.14428144139011537,cross_domain,correct,2,complete,run-20260318T150112Z-c2ddcaeb,0.5614584816977638,0.0023500925794046434,0.10319042871385836,results/runs/qwen25_1p5b_mmlu_stored_cross_domain_correct_thinking_off_k2__c2ddcaebbcf3fc4b/run-20260318T150112Z-c2ddcaeb.json
qwen25,mmlu,run-20260317T161519Z-73645a5e,0.45826805298390544,0.14428144139011537,cross_domain,correct,4,complete,run-20260318T150254Z-74eee905,0.5654465175900869,0.003062241845890899,0.10717846460618147,results/runs/qwen25_1p5b_mmlu_stored_cross_domain_correct_thinking_off_k4__74eee905f4a30f8d/run-20260318T150254Z-74eee905.json
qwen25,mmlu,run-20260317T161519Z-73645a5e,0.45826805298390544,0.14428144139011537,cross_domain,correct,8,complete,run-20260318T150724Z-ca833a45,0.568651189289275,0.0031334567725395243,0.11038313630536961,results/runs/qwen25_1p5b_mmlu_stored_cross_domain_correct_thinking_off_k8__ca833a45cf8ea7b1/run-20260318T150724Z-ca833a45.json
qwen25,mmlu,run-20260317T161519Z-73645a5e,0.45826805298390544,0.14428144139011537,cross_domain,correct,16,complete,run-20260318T151330Z-68d63bb0,0.5714285714285714,0.001424298532972511,0.11316051844466596,results/runs/qwen25_1p5b_mmlu_stored_cross_domain_correct_thinking_off_k16__68d63bb02d205efa/run-20260318T151330Z-68d63bb0.json
qwen25,mmlu,run-20260317T161519Z-73645a5e,0.45826805298390544,0.14428144139011537,cross_domain,incorrect,2,complete,run-20260318T150326Z-aae5d8da,0.5677253952428429,0.0019940179461615153,0.1094573422589375,results/runs/qwen25_1p5b_mmlu_stored_cross_domain_incorrect_thinking_off_k2__aae5d8daac27ec08/run-20260318T150326Z-aae5d8da.json
qwen25,mmlu,run-20260317T161519Z-73645a5e,0.45826805298390544,0.14428144139011537,cross_domain,incorrect,4,complete,run-20260318T150626Z-a2a4282c,0.5687936191425723,0.0019940179461615153,0.11052556615866688,results/runs/qwen25_1p5b_mmlu_stored_cross_domain_incorrect_thinking_off_k4__a2a4282c0c1abcff/run-20260318T150626Z-a2a4282c.json
qwen25,mmlu,run-20260317T161519Z-73645a5e,0.45826805298390544,0.14428144139011537,cross_domain,incorrect,8,complete,run-20260318T152044Z-3219dbef,0.5742771684945165,0.0015667283862697621,0.11600911551061105,results/runs/qwen25_1p5b_mmlu_stored_cross_domain_incorrect_thinking_off_k8__3219dbefc4787d01/run-20260318T152044Z-3219dbef.json
qwen25,mmlu,run-20260317T161519Z-73645a5e,0.45826805298390544,0.14428144139011537,cross_domain,incorrect,16,complete,run-20260318T151956Z-ef13ff11,0.5750605326876513,0.0009257940464321322,0.1167924797037459,results/runs/qwen25_1p5b_mmlu_stored_cross_domain_incorrect_thinking_off_k16__ef13ff112b35d5ef/run-20260318T151956Z-ef13ff11.json
llama,gpqa,run-20260324T051316Z-a0f54d2b,0.23660714285714285,0.12053571428571429,baseline,,0,complete,run-20260324T051316Z-a0f54d2b,0.23660714285714285,0.12053571428571429,0.0,results/runs/llama32_3b_gpqa_single_turn_pool_thinking_off__a0f54d2b55b82c50/run-20260324T051316Z-a0f54d2b.json
llama,gpqa,run-20260324T051316Z-a0f54d2b,0.23660714285714285,0.12053571428571429,same_domain,correct,2,complete,run-20260318T153751Z-71b46306,0.2611607142857143,0.004464285714285714,0.024553571428571452,results/runs/llama32_3b_gpqa_stored_same_domain_correct_thinking_off_k2__71b46306733acb98/run-20260318T153751Z-71b46306.json
llama,gpqa,run-20260324T051316Z-a0f54d2b,0.23660714285714285,0.12053571428571429,same_domain,correct,4,complete,run-20260318T153847Z-e20f759f,0.2924107142857143,0.006696428571428571,0.05580357142857145,results/runs/llama32_3b_gpqa_stored_same_domain_correct_thinking_off_k4__e20f759f7512fb6a/run-20260318T153847Z-e20f759f.json
llama,gpqa,run-20260324T051316Z-a0f54d2b,0.23660714285714285,0.12053571428571429,same_domain,correct,8,complete,run-20260318T153955Z-4ee7f15d,0.27455357142857145,0.004464285714285714,0.0379464285714286,results/runs/llama32_3b_gpqa_stored_same_domain_correct_thinking_off_k8__4ee7f15d9e827dd3/run-20260318T153955Z-4ee7f15d.json
llama,gpqa,run-20260324T051316Z-a0f54d2b,0.23660714285714285,0.12053571428571429,same_domain,correct,16,complete,run-20260318T153854Z-e95fad39,0.2700892857142857,0.004464285714285714,0.03348214285714285,results/runs/llama32_3b_gpqa_stored_same_domain_correct_thinking_off_k16__e95fad395af9038e/run-20260318T153854Z-e95fad39.json
llama,gpqa,run-20260324T051316Z-a0f54d2b,0.23660714285714285,0.12053571428571429,same_domain,incorrect,2,complete,run-20260318T153952Z-0cd60df4,0.28125,0.002232142857142857,0.04464285714285715,results/runs/llama32_3b_gpqa_stored_same_domain_incorrect_thinking_off_k2__0cd60df427482bdb/run-20260318T153952Z-0cd60df4.json
llama,gpqa,run-20260324T051316Z-a0f54d2b,0.23660714285714285,0.12053571428571429,same_domain,incorrect,4,complete,run-20260318T154032Z-0e27d83c,0.28125,0.002232142857142857,0.04464285714285715,results/runs/llama32_3b_gpqa_stored_same_domain_incorrect_thinking_off_k4__0e27d83c9147d3d7/run-20260318T154032Z-0e27d83c.json
llama,gpqa,run-20260324T051316Z-a0f54d2b,0.23660714285714285,0.12053571428571429,same_domain,incorrect,8,complete,run-20260318T154113Z-02987bad,0.234375,0.006696428571428571,-0.002232142857142849,results/runs/llama32_3b_gpqa_stored_same_domain_incorrect_thinking_off_k8__02987bad6121d96d/run-20260318T154113Z-02987bad.json
llama,gpqa,run-20260324T051316Z-a0f54d2b,0.23660714285714285,0.12053571428571429,same_domain,incorrect,16,complete,run-20260318T154053Z-8de2ab27,0.25892857142857145,0.002232142857142857,0.022321428571428603,results/runs/llama32_3b_gpqa_stored_same_domain_incorrect_thinking_off_k16__8de2ab2756efaa3a/run-20260318T154053Z-8de2ab27.json
llama,gpqa,run-20260324T051316Z-a0f54d2b,0.23660714285714285,0.12053571428571429,same_domain_other_dataset,correct,2,complete,run-20260318T154154Z-43ab5444,0.2611607142857143,0.006696428571428571,0.024553571428571452,results/runs/llama32_3b_gpqa_stored_same_domain_other_dataset_correct_thinking_off_k2__43ab5444d8af2691/run-20260318T154154Z-43ab5444.json
llama,gpqa,run-20260324T051316Z-a0f54d2b,0.23660714285714285,0.12053571428571429,same_domain_other_dataset,correct,4,complete,run-20260318T154202Z-e80b2161,0.3080357142857143,0.008928571428571428,0.07142857142857145,results/runs/llama32_3b_gpqa_stored_same_domain_other_dataset_correct_thinking_off_k4__e80b216124fa5abe/run-20260318T154202Z-e80b2161.json
llama,gpqa,run-20260324T051316Z-a0f54d2b,0.23660714285714285,0.12053571428571429,same_domain_other_dataset,correct,8,complete,run-20260318T154246Z-1741dac0,0.2700892857142857,0.004464285714285714,0.03348214285714285,results/runs/llama32_3b_gpqa_stored_same_domain_other_dataset_correct_thinking_off_k8__1741dac0fba8da83/run-20260318T154246Z-1741dac0.json
llama,gpqa,run-20260324T051316Z-a0f54d2b,0.23660714285714285,0.12053571428571429,same_domain_other_dataset,correct,16,complete,run-20260318T154201Z-a23ee082,0.25223214285714285,0.006696428571428571,0.015625,results/runs/llama32_3b_gpqa_stored_same_domain_other_dataset_correct_thinking_off_k16__a23ee0828e9f2a0c/run-20260318T154201Z-a23ee082.json
llama,gpqa,run-20260324T051316Z-a0f54d2b,0.23660714285714285,0.12053571428571429,same_domain_other_dataset,incorrect,2,complete,run-20260318T154319Z-32ef1455,0.25669642857142855,0.006696428571428571,0.0200892857142857,results/runs/llama32_3b_gpqa_stored_same_domain_other_dataset_incorrect_thinking_off_k2__32ef145543b8aca6/run-20260318T154319Z-32ef1455.json
llama,gpqa,run-20260324T051316Z-a0f54d2b,0.23660714285714285,0.12053571428571429,same_domain_other_dataset,incorrect,4,complete,run-20260318T154350Z-ddc385ee,0.27232142857142855,0.006696428571428571,0.0357142857142857,results/runs/llama32_3b_gpqa_stored_same_domain_other_dataset_incorrect_thinking_off_k4__ddc385ee88978b45/run-20260318T154350Z-ddc385ee.json
llama,gpqa,run-20260324T051316Z-a0f54d2b,0.23660714285714285,0.12053571428571429,same_domain_other_dataset,incorrect,8,complete,run-20260318T154420Z-5b1f1c26,0.24553571428571427,0.006696428571428571,0.008928571428571425,results/runs/llama32_3b_gpqa_stored_same_domain_other_dataset_incorrect_thinking_off_k8__5b1f1c2657a39eea/run-20260318T154420Z-5b1f1c26.json
llama,gpqa,run-20260324T051316Z-a0f54d2b,0.23660714285714285,0.12053571428571429,same_domain_other_dataset,incorrect,16,complete,run-20260318T154313Z-7bbfe861,0.2611607142857143,0.002232142857142857,0.024553571428571452,results/runs/llama32_3b_gpqa_stored_same_domain_other_dataset_incorrect_thinking_off_k16__7bbfe861b664a5ff/run-20260318T154313Z-7bbfe861.json
llama,gpqa,run-20260324T051316Z-a0f54d2b,0.23660714285714285,0.12053571428571429,cross_domain,correct,2,complete,run-20260318T153541Z-1a59577a,0.22991071428571427,0.020089285714285716,-0.006696428571428575,results/runs/llama32_3b_gpqa_stored_cross_domain_correct_thinking_off_k2__1a59577a4fa857ee/run-20260318T153541Z-1a59577a.json
llama,gpqa,run-20260324T051316Z-a0f54d2b,0.23660714285714285,0.12053571428571429,cross_domain,correct,4,complete,run-20260318T153430Z-61e49f36,0.28125,0.008928571428571428,0.04464285714285715,results/runs/llama32_3b_gpqa_stored_cross_domain_correct_thinking_off_k4__61e49f36a633c04a/run-20260318T153430Z-61e49f36.json
llama,gpqa,run-20260324T051316Z-a0f54d2b,0.23660714285714285,0.12053571428571429,cross_domain,correct,8,complete,run-20260318T153426Z-7cac1fc9,0.25892857142857145,0.004464285714285714,0.022321428571428603,results/runs/llama32_3b_gpqa_stored_cross_domain_correct_thinking_off_k8__7cac1fc976301e8c/run-20260318T153426Z-7cac1fc9.json
llama,gpqa,run-20260324T051316Z-a0f54d2b,0.23660714285714285,0.12053571428571429,cross_domain,correct,16,complete,run-20260318T153418Z-9602b491,0.26339285714285715,0.006696428571428571,0.0267857142857143,results/runs/llama32_3b_gpqa_stored_cross_domain_correct_thinking_off_k16__9602b491c2099131/run-20260318T153418Z-9602b491.json
llama,gpqa,run-20260324T051316Z-a0f54d2b,0.23660714285714285,0.12053571428571429,cross_domain,incorrect,2,complete,run-20260318T153820Z-7ffc75bf,0.25223214285714285,0.022321428571428572,0.015625,results/runs/llama32_3b_gpqa_stored_cross_domain_incorrect_thinking_off_k2__7ffc75bfc460b965/run-20260318T153820Z-7ffc75bf.json
llama,gpqa,run-20260324T051316Z-a0f54d2b,0.23660714285714285,0.12053571428571429,cross_domain,incorrect,4,complete,run-20260318T153627Z-5725f746,0.25669642857142855,0.006696428571428571,0.0200892857142857,results/runs/llama32_3b_gpqa_stored_cross_domain_incorrect_thinking_off_k4__5725f746b4b1b1df/run-20260318T153627Z-5725f746.json
llama,gpqa,run-20260324T051316Z-a0f54d2b,0.23660714285714285,0.12053571428571429,cross_domain,incorrect,8,complete,run-20260318T153729Z-b70deb8d,0.2544642857142857,0.0,0.01785714285714285,results/runs/llama32_3b_gpqa_stored_cross_domain_incorrect_thinking_off_k8__b70deb8da25cf171/run-20260318T153729Z-b70deb8d.json
llama,gpqa,run-20260324T051316Z-a0f54d2b,0.23660714285714285,0.12053571428571429,cross_domain,incorrect,16,complete,run-20260318T153615Z-c81a3cfa,0.2924107142857143,0.002232142857142857,0.05580357142857145,results/runs/llama32_3b_gpqa_stored_cross_domain_incorrect_thinking_off_k16__c81a3cfae7d8ec81/run-20260318T153615Z-c81a3cfa.json
llama,gsm8k,run-20260317T084627Z-f13f3ce2,0.14935557240333586,0.17210007581501138,baseline,,0,complete,run-20260317T084627Z-f13f3ce2,0.14935557240333586,0.17210007581501138,0.0,results/runs/llama32_3b_gsm8k_single_turn_pool_thinking_False__f13f3ce2b76306bc/run-20260317T084627Z-f13f3ce2.json
llama,gsm8k,run-20260317T084627Z-f13f3ce2,0.14935557240333586,0.17210007581501138,same_domain,correct,2,complete,run-20260318T155832Z-e191115e,0.2357846853677028,0.009097801364670205,0.08642911296436695,results/runs/llama32_3b_gsm8k_stored_same_domain_correct_thinking_off_k2__e191115efdc000a3/run-20260318T155832Z-e191115e.json
llama,gsm8k,run-20260317T084627Z-f13f3ce2,0.14935557240333586,0.17210007581501138,same_domain,correct,4,complete,run-20260318T155622Z-15ac403e,0.18043972706595907,0.008339651250947688,0.03108415466262321,results/runs/llama32_3b_gsm8k_stored_same_domain_correct_thinking_off_k4__15ac403e7397b84e/run-20260318T155622Z-15ac403e.json
llama,gsm8k,run-20260317T084627Z-f13f3ce2,0.14935557240333586,0.17210007581501138,same_domain,correct,8,complete,run-20260318T155318Z-d0d36e2a,0.1068991660348749,0.00530705079605762,-0.04245640636846096,results/runs/llama32_3b_gsm8k_stored_same_domain_correct_thinking_off_k8__d0d36e2a7997d1d5/run-20260318T155318Z-d0d36e2a.json
llama,gsm8k,run-20260317T084627Z-f13f3ce2,0.14935557240333586,0.17210007581501138,same_domain,correct,16,complete,run-20260318T155228Z-0124818a,0.09476876421531463,0.000758150113722517,-0.054586808188021224,results/runs/llama32_3b_gsm8k_stored_same_domain_correct_thinking_off_k16__0124818a2e169445/run-20260318T155228Z-0124818a.json
llama,gsm8k,run-20260317T084627Z-f13f3ce2,0.14935557240333586,0.17210007581501138,same_domain,incorrect,2,complete,run-20260318T160018Z-da28722a,0.21076573161485973,0.009097801364670205,0.061410159211523874,results/runs/llama32_3b_gsm8k_stored_same_domain_incorrect_thinking_off_k2__da28722acdf8c61b/run-20260318T160018Z-da28722a.json
llama,gsm8k,run-20260317T084627Z-f13f3ce2,0.14935557240333586,0.17210007581501138,same_domain,incorrect,4,complete,run-20260318T155902Z-7729df13,0.1470811220621683,0.008339651250947688,-0.00227445034116755,results/runs/llama32_3b_gsm8k_stored_same_domain_incorrect_thinking_off_k4__7729df1329d4ba31/run-20260318T155902Z-7729df13.json
llama,gsm8k,run-20260317T084627Z-f13f3ce2,0.14935557240333586,0.17210007581501138,same_domain,incorrect,8,complete,run-20260318T155716Z-6004cd7d,0.10614101592115238,0.004548900682335102,-0.043214556482183475,results/runs/llama32_3b_gsm8k_stored_same_domain_incorrect_thinking_off_k8__6004cd7d86f8a349/run-20260318T155716Z-6004cd7d.json
llama,gsm8k,run-20260317T084627Z-f13f3ce2,0.14935557240333586,0.17210007581501138,same_domain,incorrect,16,complete,run-20260318T155438Z-f3445c6d,0.09173616376042457,0.001516300227445034,-0.05761940864291129,results/runs/llama32_3b_gsm8k_stored_same_domain_incorrect_thinking_off_k16__f3445c6d2f5bb96d/run-20260318T155438Z-f3445c6d.json
llama,gsm8k,run-20260317T084627Z-f13f3ce2,0.14935557240333586,0.17210007581501138,same_domain_other_dataset,correct,2,missing,,,,,
llama,gsm8k,run-20260317T084627Z-f13f3ce2,0.14935557240333586,0.17210007581501138,same_domain_other_dataset,correct,4,missing,,,,,
llama,gsm8k,run-20260317T084627Z-f13f3ce2,0.14935557240333586,0.17210007581501138,same_domain_other_dataset,correct,8,missing,,,,,
llama,gsm8k,run-20260317T084627Z-f13f3ce2,0.14935557240333586,0.17210007581501138,same_domain_other_dataset,correct,16,missing,,,,,
llama,gsm8k,run-20260317T084627Z-f13f3ce2,0.14935557240333586,0.17210007581501138,same_domain_other_dataset,incorrect,2,missing,,,,,
llama,gsm8k,run-20260317T084627Z-f13f3ce2,0.14935557240333586,0.17210007581501138,same_domain_other_dataset,incorrect,4,missing,,,,,
llama,gsm8k,run-20260317T084627Z-f13f3ce2,0.14935557240333586,0.17210007581501138,same_domain_other_dataset,incorrect,8,missing,,,,,
llama,gsm8k,run-20260317T084627Z-f13f3ce2,0.14935557240333586,0.17210007581501138,same_domain_other_dataset,incorrect,16,missing,,,,,
llama,gsm8k,run-20260317T084627Z-f13f3ce2,0.14935557240333586,0.17210007581501138,cross_domain,correct,2,complete,run-20260318T154754Z-8ddb8ba4,0.14556482183472327,0.008339651250947688,-0.003790750568612583,results/runs/llama32_3b_gsm8k_stored_cross_domain_correct_thinking_off_k2__8ddb8ba4b0b8ab17/run-20260318T154754Z-8ddb8ba4.json
llama,gsm8k,run-20260317T084627Z-f13f3ce2,0.14935557240333586,0.17210007581501138,cross_domain,correct,4,complete,run-20260318T154714Z-3879762a,0.10614101592115238,0.003032600454890068,-0.043214556482183475,results/runs/llama32_3b_gsm8k_stored_cross_domain_correct_thinking_off_k4__3879762ac89244ed/run-20260318T154714Z-3879762a.json
llama,gsm8k,run-20260317T084627Z-f13f3ce2,0.14935557240333586,0.17210007581501138,cross_domain,correct,8,complete,run-20260318T154843Z-134527d0,0.09401061410159212,0.003032600454890068,-0.05534495830174374,results/runs/llama32_3b_gsm8k_stored_cross_domain_correct_thinking_off_k8__134527d042d31263/run-20260318T154843Z-134527d0.json
llama,gsm8k,run-20260317T084627Z-f13f3ce2,0.14935557240333586,0.17210007581501138,cross_domain,correct,16,complete,run-20260318T155006Z-0569950f,0.08946171341925702,0.002274450341167551,-0.05989385898407884,results/runs/llama32_3b_gsm8k_stored_cross_domain_correct_thinking_off_k16__0569950f19b42d47/run-20260318T155006Z-0569950f.json
llama,gsm8k,run-20260317T084627Z-f13f3ce2,0.14935557240333586,0.17210007581501138,cross_domain,incorrect,2,complete,run-20260318T154906Z-1f50de1f,0.1425322213798332,0.01061410159211524,-0.0068233510235026495,results/runs/llama32_3b_gsm8k_stored_cross_domain_incorrect_thinking_off_k2__1f50de1f0fc1ac85/run-20260318T154906Z-1f50de1f.json
llama,gsm8k,run-20260317T084627Z-f13f3ce2,0.14935557240333586,0.17210007581501138,cross_domain,incorrect,4,complete,run-20260318T154836Z-cd8b54f1,0.1023502653525398,0.006823351023502654,-0.04700530705079606,results/runs/llama32_3b_gsm8k_stored_cross_domain_incorrect_thinking_off_k4__cd8b54f1b0a4ac0c/run-20260318T154836Z-cd8b54f1.json
llama,gsm8k,run-20260317T084627Z-f13f3ce2,0.14935557240333586,0.17210007581501138,cross_domain,incorrect,8,complete,run-20260318T155252Z-a0fea0a9,0.10538286580742987,0.0037907505686125853,-0.04397270659590599,results/runs/llama32_3b_gsm8k_stored_cross_domain_incorrect_thinking_off_k8__a0fea0a91d788480/run-20260318T155252Z-a0fea0a9.json
llama,gsm8k,run-20260317T084627Z-f13f3ce2,0.14935557240333586,0.17210007581501138,cross_domain,incorrect,16,complete,run-20260318T155106Z-31ca2973,0.09249431387414708,0.001516300227445034,-0.056861258529188774,results/runs/llama32_3b_gsm8k_stored_cross_domain_incorrect_thinking_off_k16__31ca29736abb8b4c/run-20260318T155106Z-31ca2973.json
llama,aime,run-20260324T050441Z-a02c523e,0.06666666666666667,0.3333333333333333,baseline,,0,complete,run-20260324T050441Z-a02c523e,0.06666666666666667,0.3333333333333333,0.0,results/runs/llama32_3b_aime_single_turn_pool_thinking_off__a02c523e388c8396/run-20260324T050441Z-a02c523e.json
llama,aime,run-20260324T050441Z-a02c523e,0.06666666666666667,0.3333333333333333,same_domain,correct,2,missing,,,,,
llama,aime,run-20260324T050441Z-a02c523e,0.06666666666666667,0.3333333333333333,same_domain,correct,4,missing,,,,,
llama,aime,run-20260324T050441Z-a02c523e,0.06666666666666667,0.3333333333333333,same_domain,correct,8,missing,,,,,
llama,aime,run-20260324T050441Z-a02c523e,0.06666666666666667,0.3333333333333333,same_domain,correct,16,missing,,,,,
llama,aime,run-20260324T050441Z-a02c523e,0.06666666666666667,0.3333333333333333,same_domain,incorrect,2,missing,,,,,
llama,aime,run-20260324T050441Z-a02c523e,0.06666666666666667,0.3333333333333333,same_domain,incorrect,4,missing,,,,,
llama,aime,run-20260324T050441Z-a02c523e,0.06666666666666667,0.3333333333333333,same_domain,incorrect,8,missing,,,,,
llama,aime,run-20260324T050441Z-a02c523e,0.06666666666666667,0.3333333333333333,same_domain,incorrect,16,missing,,,,,
llama,aime,run-20260324T050441Z-a02c523e,0.06666666666666667,0.3333333333333333,same_domain_other_dataset,correct,2,complete,run-20260318T153113Z-7d22dce1,0.06666666666666667,0.0,0.0,results/runs/llama32_3b_aime_stored_same_domain_other_dataset_correct_thinking_off_k2__7d22dce1bc2bb9ef/run-20260318T153113Z-7d22dce1.json
llama,aime,run-20260324T050441Z-a02c523e,0.06666666666666667,0.3333333333333333,same_domain_other_dataset,correct,4,complete,run-20260318T153113Z-52956d5f,0.03333333333333333,0.03333333333333333,-0.03333333333333333,results/runs/llama32_3b_aime_stored_same_domain_other_dataset_correct_thinking_off_k4__52956d5f6553ac3f/run-20260318T153113Z-52956d5f.json
llama,aime,run-20260324T050441Z-a02c523e,0.06666666666666667,0.3333333333333333,same_domain_other_dataset,correct,8,complete,run-20260318T153134Z-bb9a05d3,0.03333333333333333,0.03333333333333333,-0.03333333333333333,results/runs/llama32_3b_aime_stored_same_domain_other_dataset_correct_thinking_off_k8__bb9a05d3eae9b324/run-20260318T153134Z-bb9a05d3.json
llama,aime,run-20260324T050441Z-a02c523e,0.06666666666666667,0.3333333333333333,same_domain_other_dataset,correct,16,complete,run-20260318T153115Z-ecce0da5,0.03333333333333333,0.03333333333333333,-0.03333333333333333,results/runs/llama32_3b_aime_stored_same_domain_other_dataset_correct_thinking_off_k16__ecce0da5d5e81476/run-20260318T153115Z-ecce0da5.json
llama,aime,run-20260324T050441Z-a02c523e,0.06666666666666667,0.3333333333333333,same_domain_other_dataset,incorrect,2,complete,run-20260318T153204Z-cb160804,0.0,0.0,-0.06666666666666667,results/runs/llama32_3b_aime_stored_same_domain_other_dataset_incorrect_thinking_off_k2__cb160804f88a7ab5/run-20260318T153204Z-cb160804.json
llama,aime,run-20260324T050441Z-a02c523e,0.06666666666666667,0.3333333333333333,same_domain_other_dataset,incorrect,4,complete,run-20260318T153204Z-c33fae2e,0.03333333333333333,0.0,-0.03333333333333333,results/runs/llama32_3b_aime_stored_same_domain_other_dataset_incorrect_thinking_off_k4__c33fae2e6e174411/run-20260318T153204Z-c33fae2e.json
llama,aime,run-20260324T050441Z-a02c523e,0.06666666666666667,0.3333333333333333,same_domain_other_dataset,incorrect,8,complete,run-20260318T153237Z-6f7dc875,0.06666666666666667,0.0,0.0,results/runs/llama32_3b_aime_stored_same_domain_other_dataset_incorrect_thinking_off_k8__6f7dc8750fcfebda/run-20260318T153237Z-6f7dc875.json
llama,aime,run-20260324T050441Z-a02c523e,0.06666666666666667,0.3333333333333333,same_domain_other_dataset,incorrect,16,complete,run-20260318T153208Z-33b8beb6,0.03333333333333333,0.03333333333333333,-0.03333333333333333,results/runs/llama32_3b_aime_stored_same_domain_other_dataset_incorrect_thinking_off_k16__33b8beb66d63ac92/run-20260318T153208Z-33b8beb6.json
llama,aime,run-20260324T050441Z-a02c523e,0.06666666666666667,0.3333333333333333,cross_domain,correct,2,complete,run-20260318T152358Z-3935bcf4,0.03333333333333333,0.0,-0.03333333333333333,results/runs/llama32_3b_aime_stored_cross_domain_correct_thinking_off_k2__3935bcf421b13174/run-20260318T152358Z-3935bcf4.json
llama,aime,run-20260324T050441Z-a02c523e,0.06666666666666667,0.3333333333333333,cross_domain,correct,4,complete,run-20260318T152458Z-7c2c4cb2,0.03333333333333333,0.0,-0.03333333333333333,results/runs/llama32_3b_aime_stored_cross_domain_correct_thinking_off_k4__7c2c4cb2e0da9148/run-20260318T152458Z-7c2c4cb2.json
llama,aime,run-20260324T050441Z-a02c523e,0.06666666666666667,0.3333333333333333,cross_domain,correct,8,complete,run-20260318T152601Z-afb06bc3,0.03333333333333333,0.0,-0.03333333333333333,results/runs/llama32_3b_aime_stored_cross_domain_correct_thinking_off_k8__afb06bc377c4b701/run-20260318T152601Z-afb06bc3.json
llama,aime,run-20260324T050441Z-a02c523e,0.06666666666666667,0.3333333333333333,cross_domain,correct,16,complete,run-20260318T152300Z-4c6914e9,0.03333333333333333,0.0,-0.03333333333333333,results/runs/llama32_3b_aime_stored_cross_domain_correct_thinking_off_k16__4c6914e902c169d7/run-20260318T152300Z-4c6914e9.json
llama,aime,run-20260324T050441Z-a02c523e,0.06666666666666667,0.3333333333333333,cross_domain,incorrect,2,complete,run-20260318T152800Z-406fdb9a,0.03333333333333333,0.0,-0.03333333333333333,results/runs/llama32_3b_aime_stored_cross_domain_incorrect_thinking_off_k2__406fdb9afd180999/run-20260318T152800Z-406fdb9a.json
llama,aime,run-20260324T050441Z-a02c523e,0.06666666666666667,0.3333333333333333,cross_domain,incorrect,4,complete,run-20260318T152802Z-7a9d1d4c,0.03333333333333333,0.0,-0.03333333333333333,results/runs/llama32_3b_aime_stored_cross_domain_incorrect_thinking_off_k4__7a9d1d4c9d196451/run-20260318T152802Z-7a9d1d4c.json
llama,aime,run-20260324T050441Z-a02c523e,0.06666666666666667,0.3333333333333333,cross_domain,incorrect,8,complete,run-20260318T152905Z-a1cd659b,0.03333333333333333,0.0,-0.03333333333333333,results/runs/llama32_3b_aime_stored_cross_domain_incorrect_thinking_off_k8__a1cd659b82e893ce/run-20260318T152905Z-a1cd659b.json
llama,aime,run-20260324T050441Z-a02c523e,0.06666666666666667,0.3333333333333333,cross_domain,incorrect,16,complete,run-20260318T152705Z-7d310f0c,0.03333333333333333,0.0,-0.03333333333333333,results/runs/llama32_3b_aime_stored_cross_domain_incorrect_thinking_off_k16__7d310f0cfb42479a/run-20260318T152705Z-7d310f0c.json
llama,mmlu,run-20260317T104305Z-c30e6268,0.5228599914542088,0.057897735365332575,baseline,,0,complete,run-20260317T104305Z-c30e6268,0.5228599914542088,0.057897735365332575,0.0,results/runs/llama32_3b_mmlu_single_turn_pool_thinking_False__c30e62681c928548/run-20260317T104305Z-c30e6268.json
llama,mmlu,run-20260317T104305Z-c30e6268,0.5228599914542088,0.057897735365332575,same_domain,correct,2,complete,run-20260318T162800Z-e347c444,0.523572140720695,0.0007121492664862555,0.0007121492664862172,results/runs/llama32_3b_mmlu_stored_same_domain_correct_thinking_off_k2__e347c44499fd779c/run-20260318T162800Z-e347c444.json
llama,mmlu,run-20260317T104305Z-c30e6268,0.5228599914542088,0.057897735365332575,same_domain,correct,4,complete,run-20260318T163606Z-3459dd0a,0.5281298960262071,0.00035607463324312775,0.005269904571998274,results/runs/llama32_3b_mmlu_stored_same_domain_correct_thinking_off_k4__3459dd0a354dcfe6/run-20260318T163606Z-3459dd0a.json
llama,mmlu,run-20260317T104305Z-c30e6268,0.5228599914542088,0.057897735365332575,same_domain,correct,8,complete,run-20260318T164847Z-6c851237,0.5245691496937758,0.00021364477994587666,0.0017091582395669658,results/runs/llama32_3b_mmlu_stored_same_domain_correct_thinking_off_k8__6c851237db77cbf8/run-20260318T164847Z-6c851237.json
llama,mmlu,run-20260317T104305Z-c30e6268,0.5228599914542088,0.057897735365332575,same_domain,correct,16,complete,run-20260318T165459Z-d565996a,0.5185158809286426,0.0004272895598917533,-0.004344110525566158,results/runs/llama32_3b_mmlu_stored_same_domain_correct_thinking_off_k16__d565996a3fd5a58f/run-20260318T165459Z-d565996a.json
llama,mmlu,run-20260317T104305Z-c30e6268,0.5228599914542088,0.057897735365332575,same_domain,incorrect,2,complete,run-20260318T164759Z-4e3ddd8d,0.5190143854151831,0.00064093433983763,-0.0038456060390257285,results/runs/llama32_3b_mmlu_stored_same_domain_incorrect_thinking_off_k2__4e3ddd8df6af8cf6/run-20260318T164759Z-4e3ddd8d.json
llama,mmlu,run-20260317T104305Z-c30e6268,0.5228599914542088,0.057897735365332575,same_domain,incorrect,4,complete,run-20260318T165413Z-6ba56379,0.5239282153539382,0.00035607463324312775,0.0010682238997293814,results/runs/llama32_3b_mmlu_stored_same_domain_incorrect_thinking_off_k4__6ba563799a4c8b8b/run-20260318T165413Z-6ba56379.json
llama,mmlu,run-20260317T104305Z-c30e6268,0.5228599914542088,0.057897735365332575,same_domain,incorrect,8,complete,run-20260318T170415Z-d9c2115a,0.5291269049992878,0.00021364477994587666,0.0062669135450790225,results/runs/llama32_3b_mmlu_stored_same_domain_incorrect_thinking_off_k8__d9c2115a1b2f766c/run-20260318T170415Z-d9c2115a.json
llama,mmlu,run-20260317T104305Z-c30e6268,0.5228599914542088,0.057897735365332575,same_domain,incorrect,16,complete,run-20260318T170850Z-da1ba4f0,0.5171627973223187,0.00035607463324312775,-0.005697194131890071,results/runs/llama32_3b_mmlu_stored_same_domain_incorrect_thinking_off_k16__da1ba4f0df8df72d/run-20260318T170850Z-da1ba4f0.json
llama,mmlu,run-20260317T104305Z-c30e6268,0.5228599914542088,0.057897735365332575,same_domain_other_dataset,correct,2,missing,,,,,
llama,mmlu,run-20260317T104305Z-c30e6268,0.5228599914542088,0.057897735365332575,same_domain_other_dataset,correct,4,missing,,,,,
llama,mmlu,run-20260317T104305Z-c30e6268,0.5228599914542088,0.057897735365332575,same_domain_other_dataset,correct,8,missing,,,,,
llama,mmlu,run-20260317T104305Z-c30e6268,0.5228599914542088,0.057897735365332575,same_domain_other_dataset,correct,16,missing,,,,,
llama,mmlu,run-20260317T104305Z-c30e6268,0.5228599914542088,0.057897735365332575,same_domain_other_dataset,incorrect,2,missing,,,,,
llama,mmlu,run-20260317T104305Z-c30e6268,0.5228599914542088,0.057897735365332575,same_domain_other_dataset,incorrect,4,missing,,,,,
llama,mmlu,run-20260317T104305Z-c30e6268,0.5228599914542088,0.057897735365332575,same_domain_other_dataset,incorrect,8,missing,,,,,
llama,mmlu,run-20260317T104305Z-c30e6268,0.5228599914542088,0.057897735365332575,same_domain_other_dataset,incorrect,16,missing,,,,,
llama,mmlu,run-20260317T104305Z-c30e6268,0.5228599914542088,0.057897735365332575,cross_domain,correct,2,complete,run-20260318T160845Z-e0de89a7,0.49601196410767695,0.0001424298532972511,-0.026848027346531855,results/runs/llama32_3b_mmlu_stored_cross_domain_correct_thinking_off_k2__e0de89a7143c5646/run-20260318T160845Z-e0de89a7.json
llama,mmlu,run-20260317T104305Z-c30e6268,0.5228599914542088,0.057897735365332575,cross_domain,correct,4,complete,run-20260318T161333Z-3d75fa39,0.49494374020794757,0.00035607463324312775,-0.027916251246261237,results/runs/llama32_3b_mmlu_stored_cross_domain_correct_thinking_off_k4__3d75fa39ff73f0b3/run-20260318T161333Z-3d75fa39.json
llama,mmlu,run-20260317T104305Z-c30e6268,0.5228599914542088,0.057897735365332575,cross_domain,correct,8,complete,run-20260318T162235Z-e7d8806d,0.4883207520296254,7.121492664862555e-05,-0.03453923942458342,results/runs/llama32_3b_mmlu_stored_cross_domain_correct_thinking_off_k8__e7d8806d12462ea7/run-20260318T162235Z-e7d8806d.json
llama,mmlu,run-20260317T104305Z-c30e6268,0.5228599914542088,0.057897735365332575,cross_domain,correct,16,complete,run-20260318T163817Z-d41e8372,0.4880358923230309,0.0002848597065945022,-0.0348240991311779,results/runs/llama32_3b_mmlu_stored_cross_domain_correct_thinking_off_k16__d41e837231106d59/run-20260318T163817Z-d41e8372.json
llama,mmlu,run-20260317T104305Z-c30e6268,0.5228599914542088,0.057897735365332575,cross_domain,incorrect,2,complete,run-20260318T161259Z-c7ac881c,0.498860561173622,0.0004985044865403788,-0.02399943028058682,results/runs/llama32_3b_mmlu_stored_cross_domain_incorrect_thinking_off_k2__c7ac881cdb448866/run-20260318T161259Z-c7ac881c.json
llama,mmlu,run-20260317T104305Z-c30e6268,0.5228599914542088,0.057897735365332575,cross_domain,incorrect,4,complete,run-20260318T161740Z-40dccd1d,0.49230878792194843,0.0001424298532972511,-0.030551203532260374,results/runs/llama32_3b_mmlu_stored_cross_domain_incorrect_thinking_off_k4__40dccd1d36ed28bd/run-20260318T161740Z-40dccd1d.json
llama,mmlu,run-20260317T104305Z-c30e6268,0.5228599914542088,0.057897735365332575,cross_domain,incorrect,8,complete,run-20260318T163406Z-088b752f,0.4905284147557328,0.00035607463324312775,-0.03233157669847603,results/runs/llama32_3b_mmlu_stored_cross_domain_incorrect_thinking_off_k8__088b752f0282a9d8/run-20260318T163406Z-088b752f.json
llama,mmlu,run-20260317T104305Z-c30e6268,0.5228599914542088,0.057897735365332575,cross_domain,incorrect,16,complete,run-20260318T164004Z-f60e2e26,0.4915254237288136,0.00021364477994587666,-0.031334567725395224,results/runs/llama32_3b_mmlu_stored_cross_domain_incorrect_thinking_off_k16__f60e2e26abc5febd/run-20260318T164004Z-f60e2e26.json
mistral,gpqa,run-20260317T105040Z-7f11db30,0.10491071428571429,0.65625,baseline,,0,complete,run-20260317T105040Z-7f11db30,0.10491071428571429,0.65625,0.0,results/runs/mistral7b_gpqa_single_turn_pool_thinking_False__7f11db30d1a647e4/run-20260317T105040Z-7f11db30.json
mistral,gpqa,run-20260317T105040Z-7f11db30,0.10491071428571429,0.65625,same_domain,correct,2,missing,,,,,
mistral,gpqa,run-20260317T105040Z-7f11db30,0.10491071428571429,0.65625,same_domain,correct,4,missing,,,,,
mistral,gpqa,run-20260317T105040Z-7f11db30,0.10491071428571429,0.65625,same_domain,correct,8,missing,,,,,
mistral,gpqa,run-20260317T105040Z-7f11db30,0.10491071428571429,0.65625,same_domain,correct,16,missing,,,,,
mistral,gpqa,run-20260317T105040Z-7f11db30,0.10491071428571429,0.65625,same_domain,incorrect,2,complete,run-20260318T170221Z-8f292a40,0.27455357142857145,0.0,0.16964285714285715,results/runs/mistral7b_gpqa_stored_same_domain_incorrect_thinking_off_k2__8f292a40c4c36a85/run-20260318T170221Z-8f292a40.json
mistral,gpqa,run-20260317T105040Z-7f11db30,0.10491071428571429,0.65625,same_domain,incorrect,4,complete,run-20260318T170515Z-69f239fa,0.2924107142857143,0.0,0.1875,results/runs/mistral7b_gpqa_stored_same_domain_incorrect_thinking_off_k4__69f239fa4876f38c/run-20260318T170515Z-69f239fa.json
mistral,gpqa,run-20260317T105040Z-7f11db30,0.10491071428571429,0.65625,same_domain,incorrect,8,complete,run-20260318T170645Z-3be4b395,0.2544642857142857,0.0,0.1495535714285714,results/runs/mistral7b_gpqa_stored_same_domain_incorrect_thinking_off_k8__3be4b395c1bdaa8d/run-20260318T170645Z-3be4b395.json
mistral,gpqa,run-20260317T105040Z-7f11db30,0.10491071428571429,0.65625,same_domain,incorrect,16,complete,run-20260318T170633Z-9e90c157,0.2700892857142857,0.002232142857142857,0.1651785714285714,results/runs/mistral7b_gpqa_stored_same_domain_incorrect_thinking_off_k16__9e90c157d7302438/run-20260318T170633Z-9e90c157.json
mistral,gpqa,run-20260317T105040Z-7f11db30,0.10491071428571429,0.65625,same_domain_other_dataset,correct,2,complete,run-20260318T170508Z-a76f6728,0.26785714285714285,0.002232142857142857,0.16294642857142855,results/runs/mistral7b_gpqa_stored_same_domain_other_dataset_correct_thinking_off_k2__a76f67286793e187/run-20260318T170508Z-a76f6728.json
mistral,gpqa,run-20260317T105040Z-7f11db30,0.10491071428571429,0.65625,same_domain_other_dataset,correct,4,complete,run-20260318T170704Z-f2610405,0.26339285714285715,0.006696428571428571,0.15848214285714285,results/runs/mistral7b_gpqa_stored_same_domain_other_dataset_correct_thinking_off_k4__f26104053daa3061/run-20260318T170704Z-f2610405.json
mistral,gpqa,run-20260317T105040Z-7f11db30,0.10491071428571429,0.65625,same_domain_other_dataset,correct,8,complete,run-20260318T170813Z-5c722046,0.27232142857142855,0.002232142857142857,0.16741071428571425,results/runs/mistral7b_gpqa_stored_same_domain_other_dataset_correct_thinking_off_k8__5c722046a7a1b4d7/run-20260318T170813Z-5c722046.json
mistral,gpqa,run-20260317T105040Z-7f11db30,0.10491071428571429,0.65625,same_domain_other_dataset,correct,16,complete,run-20260318T170608Z-f55e726b,0.2857142857142857,0.0,0.1808035714285714,results/runs/mistral7b_gpqa_stored_same_domain_other_dataset_correct_thinking_off_k16__f55e726b068e1a54/run-20260318T170608Z-f55e726b.json
mistral,gpqa,run-20260317T105040Z-7f11db30,0.10491071428571429,0.65625,same_domain_other_dataset,incorrect,2,complete,run-20260318T170829Z-6c3b6141,0.25669642857142855,0.002232142857142857,0.15178571428571425,results/runs/mistral7b_gpqa_stored_same_domain_other_dataset_incorrect_thinking_off_k2__6c3b6141de398a1e/run-20260318T170829Z-6c3b6141.json
mistral,gpqa,run-20260317T105040Z-7f11db30,0.10491071428571429,0.65625,same_domain_other_dataset,incorrect,4,complete,run-20260318T170922Z-49b399e9,0.2857142857142857,0.002232142857142857,0.1808035714285714,results/runs/mistral7b_gpqa_stored_same_domain_other_dataset_incorrect_thinking_off_k4__49b399e9ce3a092a/run-20260318T170922Z-49b399e9.json
mistral,gpqa,run-20260317T105040Z-7f11db30,0.10491071428571429,0.65625,same_domain_other_dataset,incorrect,8,complete,run-20260318T170927Z-6eab89a7,0.24330357142857142,0.002232142857142857,0.13839285714285715,results/runs/mistral7b_gpqa_stored_same_domain_other_dataset_incorrect_thinking_off_k8__6eab89a7592a2071/run-20260318T170927Z-6eab89a7.json
mistral,gpqa,run-20260317T105040Z-7f11db30,0.10491071428571429,0.65625,same_domain_other_dataset,incorrect,16,complete,run-20260318T170854Z-3d9e2708,0.2544642857142857,0.004464285714285714,0.1495535714285714,results/runs/mistral7b_gpqa_stored_same_domain_other_dataset_incorrect_thinking_off_k16__3d9e270837aec347/run-20260318T170854Z-3d9e2708.json
mistral,gpqa,run-20260317T105040Z-7f11db30,0.10491071428571429,0.65625,cross_domain,correct,2,complete,run-20260318T165834Z-7efffa29,0.2700892857142857,0.004464285714285714,0.1651785714285714,results/runs/mistral7b_gpqa_stored_cross_domain_correct_thinking_off_k2__7efffa29c80e25d8/run-20260318T165834Z-7efffa29.json
mistral,gpqa,run-20260317T105040Z-7f11db30,0.10491071428571429,0.65625,cross_domain,correct,4,complete,run-20260318T165829Z-94e6262f,0.26339285714285715,0.006696428571428571,0.15848214285714285,results/runs/mistral7b_gpqa_stored_cross_domain_correct_thinking_off_k4__94e6262fb2c2fd6a/run-20260318T165829Z-94e6262f.json
mistral,gpqa,run-20260317T105040Z-7f11db30,0.10491071428571429,0.65625,cross_domain,correct,8,complete,run-20260318T165822Z-9d50dd93,0.28125,0.006696428571428571,0.1763392857142857,results/runs/mistral7b_gpqa_stored_cross_domain_correct_thinking_off_k8__9d50dd934e486aef/run-20260318T165822Z-9d50dd93.json
mistral,gpqa,run-20260317T105040Z-7f11db30,0.10491071428571429,0.65625,cross_domain,correct,16,complete,run-20260318T165750Z-b8801317,0.31026785714285715,0.004464285714285714,0.20535714285714285,results/runs/mistral7b_gpqa_stored_cross_domain_correct_thinking_off_k16__b8801317c9377591/run-20260318T165750Z-b8801317.json
mistral,gpqa,run-20260317T105040Z-7f11db30,0.10491071428571429,0.65625,cross_domain,incorrect,2,complete,run-20260318T170227Z-e11c886f,0.27232142857142855,0.002232142857142857,0.16741071428571425,results/runs/mistral7b_gpqa_stored_cross_domain_incorrect_thinking_off_k2__e11c886f78114688/run-20260318T170227Z-e11c886f.json
mistral,gpqa,run-20260317T105040Z-7f11db30,0.10491071428571429,0.65625,cross_domain,incorrect,4,complete,run-20260318T170239Z-7777f1cc,0.28125,0.006696428571428571,0.1763392857142857,results/runs/mistral7b_gpqa_stored_cross_domain_incorrect_thinking_off_k4__7777f1cc4d3c2da3/run-20260318T170239Z-7777f1cc.json
mistral,gpqa,run-20260317T105040Z-7f11db30,0.10491071428571429,0.65625,cross_domain,incorrect,8,complete,run-20260318T170207Z-6593093b,0.2611607142857143,0.006696428571428571,0.15625,results/runs/mistral7b_gpqa_stored_cross_domain_incorrect_thinking_off_k8__6593093b496e4972/run-20260318T170207Z-6593093b.json
mistral,gpqa,run-20260317T105040Z-7f11db30,0.10491071428571429,0.65625,cross_domain,incorrect,16,complete,run-20260318T165853Z-bc547255,0.27232142857142855,0.002232142857142857,0.16741071428571425,results/runs/mistral7b_gpqa_stored_cross_domain_incorrect_thinking_off_k16__bc547255aa283269/run-20260318T165853Z-bc547255.json
mistral,gsm8k,run-20260317T112419Z-d063ba2b,0.017437452615617893,0.8711144806671721,baseline,,0,complete,run-20260317T112419Z-d063ba2b,0.017437452615617893,0.8711144806671721,0.0,results/runs/mistral7b_gsm8k_single_turn_pool_thinking_False__d063ba2b6ade2455/run-20260317T112419Z-d063ba2b.json
mistral,gsm8k,run-20260317T112419Z-d063ba2b,0.017437452615617893,0.8711144806671721,same_domain,correct,2,complete,run-20260318T172141Z-09a920d2,0.08112206216830932,0.0,0.06368460955269142,results/runs/mistral7b_gsm8k_stored_same_domain_correct_thinking_off_k2__09a920d25ce44402/run-20260318T172141Z-09a920d2.json
mistral,gsm8k,run-20260317T112419Z-d063ba2b,0.017437452615617893,0.8711144806671721,same_domain,correct,4,complete,run-20260318T172233Z-906aa669,0.07354056103108415,0.0,0.05610310841546626,results/runs/mistral7b_gsm8k_stored_same_domain_correct_thinking_off_k4__906aa669401a2bdc/run-20260318T172233Z-906aa669.json
mistral,gsm8k,run-20260317T112419Z-d063ba2b,0.017437452615617893,0.8711144806671721,same_domain,correct,8,complete,run-20260318T172727Z-9f5f06c7,0.07278241091736164,0.0,0.05534495830174374,results/runs/mistral7b_gsm8k_stored_same_domain_correct_thinking_off_k8__9f5f06c737ac97bb/run-20260318T172727Z-9f5f06c7.json
mistral,gsm8k,run-20260317T112419Z-d063ba2b,0.017437452615617893,0.8711144806671721,same_domain,correct,16,complete,run-20260318T172236Z-0445d20a,0.06747536012130402,0.0,0.050037907505686124,results/runs/mistral7b_gsm8k_stored_same_domain_correct_thinking_off_k16__0445d20a469c6a1c/run-20260318T172236Z-0445d20a.json
mistral,gsm8k,run-20260317T112419Z-d063ba2b,0.017437452615617893,0.8711144806671721,same_domain,incorrect,2,complete,run-20260318T172724Z-96cb01b3,0.06444275966641395,0.0,0.04700530705079606,results/runs/mistral7b_gsm8k_stored_same_domain_incorrect_thinking_off_k2__96cb01b318156760/run-20260318T172724Z-96cb01b3.json
mistral,gsm8k,run-20260317T112419Z-d063ba2b,0.017437452615617893,0.8711144806671721,same_domain,incorrect,4,complete,run-20260318T172846Z-6b7a84f5,0.07960576194086429,0.0,0.06216830932524639,results/runs/mistral7b_gsm8k_stored_same_domain_incorrect_thinking_off_k4__6b7a84f587ea8c47/run-20260318T172846Z-6b7a84f5.json
mistral,gsm8k,run-20260317T112419Z-d063ba2b,0.017437452615617893,0.8711144806671721,same_domain,incorrect,8,complete,run-20260318T173126Z-8f852704,0.0667172100075815,0.0,0.04927975739196361,results/runs/mistral7b_gsm8k_stored_same_domain_incorrect_thinking_off_k8__8f852704c1f5a240/run-20260318T173126Z-8f852704.json
mistral,gsm8k,run-20260317T112419Z-d063ba2b,0.017437452615617893,0.8711144806671721,same_domain,incorrect,16,complete,run-20260318T173109Z-6f8fd4e0,0.07354056103108415,0.0,0.05610310841546626,results/runs/mistral7b_gsm8k_stored_same_domain_incorrect_thinking_off_k16__6f8fd4e0bf086951/run-20260318T173109Z-6f8fd4e0.json
mistral,gsm8k,run-20260317T112419Z-d063ba2b,0.017437452615617893,0.8711144806671721,same_domain_other_dataset,correct,2,missing,,,,,
mistral,gsm8k,run-20260317T112419Z-d063ba2b,0.017437452615617893,0.8711144806671721,same_domain_other_dataset,correct,4,missing,,,,,
mistral,gsm8k,run-20260317T112419Z-d063ba2b,0.017437452615617893,0.8711144806671721,same_domain_other_dataset,correct,8,missing,,,,,
mistral,gsm8k,run-20260317T112419Z-d063ba2b,0.017437452615617893,0.8711144806671721,same_domain_other_dataset,correct,16,missing,,,,,
mistral,gsm8k,run-20260317T112419Z-d063ba2b,0.017437452615617893,0.8711144806671721,same_domain_other_dataset,incorrect,2,missing,,,,,
mistral,gsm8k,run-20260317T112419Z-d063ba2b,0.017437452615617893,0.8711144806671721,same_domain_other_dataset,incorrect,4,missing,,,,,
mistral,gsm8k,run-20260317T112419Z-d063ba2b,0.017437452615617893,0.8711144806671721,same_domain_other_dataset,incorrect,8,missing,,,,,
mistral,gsm8k,run-20260317T112419Z-d063ba2b,0.017437452615617893,0.8711144806671721,same_domain_other_dataset,incorrect,16,missing,,,,,
mistral,gsm8k,run-20260317T112419Z-d063ba2b,0.017437452615617893,0.8711144806671721,cross_domain,correct,2,complete,run-20260318T171354Z-9e7da877,0.06823351023502654,0.0,0.05079605761940864,results/runs/mistral7b_gsm8k_stored_cross_domain_correct_thinking_off_k2__9e7da87786729ace/run-20260318T171354Z-9e7da877.json
mistral,gsm8k,run-20260317T112419Z-d063ba2b,0.017437452615617893,0.8711144806671721,cross_domain,correct,4,complete,run-20260318T171635Z-f7b22503,0.0758150113722517,0.0,0.05837755875663381,results/runs/mistral7b_gsm8k_stored_cross_domain_correct_thinking_off_k4__f7b22503ffe4dc55/run-20260318T171635Z-f7b22503.json
mistral,gsm8k,run-20260317T112419Z-d063ba2b,0.017437452615617893,0.8711144806671721,cross_domain,correct,8,complete,run-20260318T172051Z-3bc40847,0.07354056103108415,0.0,0.05610310841546626,results/runs/mistral7b_gsm8k_stored_cross_domain_correct_thinking_off_k8__3bc408474e3a4705/run-20260318T172051Z-3bc40847.json
mistral,gsm8k,run-20260317T112419Z-d063ba2b,0.017437452615617893,0.8711144806671721,cross_domain,correct,16,complete,run-20260318T172814Z-3b77b4d6,0.0712661106899166,0.0,0.05382865807429871,results/runs/mistral7b_gsm8k_stored_cross_domain_correct_thinking_off_k16__3b77b4d6b840fac8/run-20260318T172814Z-3b77b4d6.json
mistral,gsm8k,run-20260317T112419Z-d063ba2b,0.017437452615617893,0.8711144806671721,cross_domain,incorrect,2,complete,run-20260318T171459Z-a648c06f,0.05913570887035633,0.0,0.04169825625473844,results/runs/mistral7b_gsm8k_stored_cross_domain_incorrect_thinking_off_k2__a648c06fd2ea4160/run-20260318T171459Z-a648c06f.json
mistral,gsm8k,run-20260317T112419Z-d063ba2b,0.017437452615617893,0.8711144806671721,cross_domain,incorrect,4,complete,run-20260318T171715Z-ffadd077,0.06141015921152388,0.0,0.04397270659590599,results/runs/mistral7b_gsm8k_stored_cross_domain_incorrect_thinking_off_k4__ffadd07702b9e6ae/run-20260318T171715Z-ffadd077.json
mistral,gsm8k,run-20260317T112419Z-d063ba2b,0.017437452615617893,0.8711144806671721,cross_domain,incorrect,8,complete,run-20260318T172504Z-d7b95a92,0.0758150113722517,0.0,0.05837755875663381,results/runs/mistral7b_gsm8k_stored_cross_domain_incorrect_thinking_off_k8__d7b95a925511a0ef/run-20260318T172504Z-d7b95a92.json
mistral,gsm8k,run-20260317T112419Z-d063ba2b,0.017437452615617893,0.8711144806671721,cross_domain,incorrect,16,complete,run-20260318T172803Z-63013238,0.07050796057619409,0.0,0.05307050796057619,results/runs/mistral7b_gsm8k_stored_cross_domain_incorrect_thinking_off_k16__63013238a770b63e/run-20260318T172803Z-63013238.json
mistral,aime,run-20260324T051159Z-3a804857,0.0,0.8,baseline,,0,complete,run-20260324T051159Z-3a804857,0.0,0.8,0.0,results/runs/mistral7b_aime_single_turn_pool_thinking_off__3a804857639330e7/run-20260324T051159Z-3a804857.json
mistral,aime,run-20260324T051159Z-3a804857,0.0,0.8,same_domain,correct,2,missing,,,,,
mistral,aime,run-20260324T051159Z-3a804857,0.0,0.8,same_domain,correct,4,missing,,,,,
mistral,aime,run-20260324T051159Z-3a804857,0.0,0.8,same_domain,correct,8,missing,,,,,
mistral,aime,run-20260324T051159Z-3a804857,0.0,0.8,same_domain,correct,16,missing,,,,,
mistral,aime,run-20260324T051159Z-3a804857,0.0,0.8,same_domain,incorrect,2,missing,,,,,
mistral,aime,run-20260324T051159Z-3a804857,0.0,0.8,same_domain,incorrect,4,missing,,,,,
mistral,aime,run-20260324T051159Z-3a804857,0.0,0.8,same_domain,incorrect,8,missing,,,,,
mistral,aime,run-20260324T051159Z-3a804857,0.0,0.8,same_domain,incorrect,16,missing,,,,,
mistral,aime,run-20260324T051159Z-3a804857,0.0,0.8,same_domain_other_dataset,correct,2,complete,run-20260318T165202Z-71f28da6,0.0,0.0,0.0,results/runs/mistral7b_aime_stored_same_domain_other_dataset_correct_thinking_off_k2__71f28da6352c4e78/run-20260318T165202Z-71f28da6.json
mistral,aime,run-20260324T051159Z-3a804857,0.0,0.8,same_domain_other_dataset,correct,4,complete,run-20260318T165227Z-fd67c9e6,0.03333333333333333,0.0,0.03333333333333333,results/runs/mistral7b_aime_stored_same_domain_other_dataset_correct_thinking_off_k4__fd67c9e603f5f7ae/run-20260318T165227Z-fd67c9e6.json
mistral,aime,run-20260324T051159Z-3a804857,0.0,0.8,same_domain_other_dataset,correct,8,complete,run-20260318T165334Z-3f2f5712,0.03333333333333333,0.0,0.03333333333333333,results/runs/mistral7b_aime_stored_same_domain_other_dataset_correct_thinking_off_k8__3f2f5712fc266ceb/run-20260318T165334Z-3f2f5712.json
mistral,aime,run-20260324T051159Z-3a804857,0.0,0.8,same_domain_other_dataset,correct,16,complete,run-20260318T165206Z-5c676810,0.03333333333333333,0.0,0.03333333333333333,results/runs/mistral7b_aime_stored_same_domain_other_dataset_correct_thinking_off_k16__5c676810c91e41e3/run-20260318T165206Z-5c676810.json
mistral,aime,run-20260324T051159Z-3a804857,0.0,0.8,same_domain_other_dataset,incorrect,2,complete,run-20260318T165332Z-5dc13227,0.0,0.0,0.0,results/runs/mistral7b_aime_stored_same_domain_other_dataset_incorrect_thinking_off_k2__5dc13227537df7f4/run-20260318T165332Z-5dc13227.json
mistral,aime,run-20260324T051159Z-3a804857,0.0,0.8,same_domain_other_dataset,incorrect,4,complete,run-20260318T165434Z-05a420c3,0.0,0.0,0.0,results/runs/mistral7b_aime_stored_same_domain_other_dataset_incorrect_thinking_off_k4__05a420c3f76eb96f/run-20260318T165434Z-05a420c3.json
mistral,aime,run-20260324T051159Z-3a804857,0.0,0.8,same_domain_other_dataset,incorrect,8,complete,run-20260318T165435Z-85a507ca,0.0,0.0,0.0,results/runs/mistral7b_aime_stored_same_domain_other_dataset_incorrect_thinking_off_k8__85a507ca1f6f582e/run-20260318T165435Z-85a507ca.json
mistral,aime,run-20260324T051159Z-3a804857,0.0,0.8,same_domain_other_dataset,incorrect,16,complete,run-20260318T165338Z-45b139a4,0.0,0.0,0.0,results/runs/mistral7b_aime_stored_same_domain_other_dataset_incorrect_thinking_off_k16__45b139a49fe15d66/run-20260318T165338Z-45b139a4.json
mistral,aime,run-20260324T051159Z-3a804857,0.0,0.8,cross_domain,correct,2,complete,run-20260318T164254Z-78eac3bd,0.0,0.0,0.0,results/runs/mistral7b_aime_stored_cross_domain_correct_thinking_off_k2__78eac3bd39677e88/run-20260318T164254Z-78eac3bd.json
mistral,aime,run-20260324T051159Z-3a804857,0.0,0.8,cross_domain,correct,4,complete,run-20260318T164425Z-77ccb8ef,0.0,0.0,0.0,results/runs/mistral7b_aime_stored_cross_domain_correct_thinking_off_k4__77ccb8ef376b94b7/run-20260318T164425Z-77ccb8ef.json
mistral,aime,run-20260324T051159Z-3a804857,0.0,0.8,cross_domain,correct,8,complete,run-20260318T164605Z-5148c7ce,0.0,0.0,0.0,results/runs/mistral7b_aime_stored_cross_domain_correct_thinking_off_k8__5148c7ce30f4a6a1/run-20260318T164605Z-5148c7ce.json
mistral,aime,run-20260324T051159Z-3a804857,0.0,0.8,cross_domain,correct,16,complete,run-20260318T164137Z-cb33bace,0.0,0.0,0.0,results/runs/mistral7b_aime_stored_cross_domain_correct_thinking_off_k16__cb33bacea21dc0d7/run-20260318T164137Z-cb33bace.json
mistral,aime,run-20260324T051159Z-3a804857,0.0,0.8,cross_domain,incorrect,2,complete,run-20260318T164900Z-b1f05f45,0.0,0.0,0.0,results/runs/mistral7b_aime_stored_cross_domain_incorrect_thinking_off_k2__b1f05f4536d9c4e3/run-20260318T164900Z-b1f05f45.json
mistral,aime,run-20260324T051159Z-3a804857,0.0,0.8,cross_domain,incorrect,4,complete,run-20260318T164927Z-52ff4306,0.0,0.0,0.0,results/runs/mistral7b_aime_stored_cross_domain_incorrect_thinking_off_k4__52ff43065f6ac1c9/run-20260318T164927Z-52ff4306.json
mistral,aime,run-20260324T051159Z-3a804857,0.0,0.8,cross_domain,incorrect,8,complete,run-20260318T165003Z-00440ace,0.0,0.0,0.0,results/runs/mistral7b_aime_stored_cross_domain_incorrect_thinking_off_k8__00440ace8e11c13f/run-20260318T165003Z-00440ace.json
mistral,aime,run-20260324T051159Z-3a804857,0.0,0.8,cross_domain,incorrect,16,complete,run-20260318T164742Z-0d9e5f6f,0.03333333333333333,0.0,0.03333333333333333,results/runs/mistral7b_aime_stored_cross_domain_incorrect_thinking_off_k16__0d9e5f6f9dec645a/run-20260318T164742Z-0d9e5f6f.json
mistral,mmlu,run-20260317T125046Z-5efa7f4e,0.21770403076484832,0.5266343825665859,baseline,,0,complete,run-20260317T125046Z-5efa7f4e,0.21770403076484832,0.5266343825665859,0.0,results/runs/mistral7b_mmlu_single_turn_pool_thinking_False__5efa7f4ef8f30ca9/run-20260317T125046Z-5efa7f4e.json
mistral,mmlu,run-20260317T125046Z-5efa7f4e,0.21770403076484832,0.5266343825665859,same_domain,correct,2,missing,,,,,
mistral,mmlu,run-20260317T125046Z-5efa7f4e,0.21770403076484832,0.5266343825665859,same_domain,correct,4,missing,,,,,
mistral,mmlu,run-20260317T125046Z-5efa7f4e,0.21770403076484832,0.5266343825665859,same_domain,correct,8,missing,,,,,
mistral,mmlu,run-20260317T125046Z-5efa7f4e,0.21770403076484832,0.5266343825665859,same_domain,correct,16,missing,,,,,
mistral,mmlu,run-20260317T125046Z-5efa7f4e,0.21770403076484832,0.5266343825665859,same_domain,incorrect,2,missing,,,,,
mistral,mmlu,run-20260317T125046Z-5efa7f4e,0.21770403076484832,0.5266343825665859,same_domain,incorrect,4,missing,,,,,
mistral,mmlu,run-20260317T125046Z-5efa7f4e,0.21770403076484832,0.5266343825665859,same_domain,incorrect,8,missing,,,,,
mistral,mmlu,run-20260317T125046Z-5efa7f4e,0.21770403076484832,0.5266343825665859,same_domain,incorrect,16,missing,,,,,
mistral,mmlu,run-20260317T125046Z-5efa7f4e,0.21770403076484832,0.5266343825665859,same_domain_other_dataset,correct,2,missing,,,,,
mistral,mmlu,run-20260317T125046Z-5efa7f4e,0.21770403076484832,0.5266343825665859,same_domain_other_dataset,correct,4,missing,,,,,
mistral,mmlu,run-20260317T125046Z-5efa7f4e,0.21770403076484832,0.5266343825665859,same_domain_other_dataset,correct,8,missing,,,,,
mistral,mmlu,run-20260317T125046Z-5efa7f4e,0.21770403076484832,0.5266343825665859,same_domain_other_dataset,correct,16,missing,,,,,
mistral,mmlu,run-20260317T125046Z-5efa7f4e,0.21770403076484832,0.5266343825665859,same_domain_other_dataset,incorrect,2,missing,,,,,
mistral,mmlu,run-20260317T125046Z-5efa7f4e,0.21770403076484832,0.5266343825665859,same_domain_other_dataset,incorrect,4,missing,,,,,
mistral,mmlu,run-20260317T125046Z-5efa7f4e,0.21770403076484832,0.5266343825665859,same_domain_other_dataset,incorrect,8,missing,,,,,
mistral,mmlu,run-20260317T125046Z-5efa7f4e,0.21770403076484832,0.5266343825665859,same_domain_other_dataset,incorrect,16,missing,,,,,
mistral,mmlu,run-20260317T125046Z-5efa7f4e,0.21770403076484832,0.5266343825665859,cross_domain,correct,2,complete,run-20260318T180611Z-8ca50f1b,0.48753738783649053,0.00064093433983763,0.26983335707164224,results/runs/mistral7b_mmlu_stored_cross_domain_correct_thinking_off_k2__8ca50f1b3818c0c4/run-20260318T180611Z-8ca50f1b.json
mistral,mmlu,run-20260317T125046Z-5efa7f4e,0.21770403076484832,0.5266343825665859,cross_domain,correct,4,complete,run-20260318T182013Z-fe205058,0.49736504771400086,0.0008545791197835066,0.2796610169491526,results/runs/mistral7b_mmlu_stored_cross_domain_correct_thinking_off_k4__fe205058e16c9898/run-20260318T182013Z-fe205058.json
mistral,mmlu,run-20260317T125046Z-5efa7f4e,0.21770403076484832,0.5266343825665859,cross_domain,correct,8,complete,run-20260318T185212Z-cfa2ea0f,0.5023500925794047,0.0007121492664862555,0.2846460618145563,results/runs/mistral7b_mmlu_stored_cross_domain_correct_thinking_off_k8__cfa2ea0f67c42ad6/run-20260318T185212Z-cfa2ea0f.json
mistral,mmlu,run-20260317T125046Z-5efa7f4e,0.21770403076484832,0.5266343825665859,cross_domain,correct,16,complete,run-20260318T200408Z-ec68429c,0.5010682238997294,0.0009970089730807576,0.28336419313488104,results/runs/mistral7b_mmlu_stored_cross_domain_correct_thinking_off_k16__ec68429cd6e2012e/run-20260318T200408Z-ec68429c.json
mistral,mmlu,run-20260317T125046Z-5efa7f4e,0.21770403076484832,0.5266343825665859,cross_domain,incorrect,2,complete,run-20260318T181142Z-f32b7ca5,0.49309215211508334,0.0002848597065945022,0.27538812135023505,results/runs/mistral7b_mmlu_stored_cross_domain_incorrect_thinking_off_k2__f32b7ca5fe62b8bd/run-20260318T181142Z-f32b7ca5.json
mistral,mmlu,run-20260317T125046Z-5efa7f4e,0.21770403076484832,0.5266343825665859,cross_domain,incorrect,4,complete,run-20260318T181845Z-99265c81,0.49935906566016236,0.0010682238997293833,0.28165503489531407,results/runs/mistral7b_mmlu_stored_cross_domain_incorrect_thinking_off_k4__99265c818a74ce37/run-20260318T181845Z-99265c81.json
mistral,mmlu,run-20260317T125046Z-5efa7f4e,0.21770403076484832,0.5266343825665859,cross_domain,incorrect,8,complete,run-20260318T191557Z-15e5e3e7,0.5012818686796753,0.0007121492664862555,0.28357783791482694,results/runs/mistral7b_mmlu_stored_cross_domain_incorrect_thinking_off_k8__15e5e3e71de403c8/run-20260318T191557Z-15e5e3e7.json
mistral,mmlu,run-20260317T125046Z-5efa7f4e,0.21770403076484832,0.5266343825665859,cross_domain,incorrect,16,complete,run-20260318T192312Z-dcfb492c,0.4983620566870816,0.0009970089730807576,0.2806580259222333,results/runs/mistral7b_mmlu_stored_cross_domain_incorrect_thinking_off_k16__dcfb492c78745390/run-20260318T192312Z-dcfb492c.json
